customer_id,customer_name,country,segment
C00001,Customer 00001,Brazil,Retail
C00002,Customer 00002,Italy,Wholesale
C00003,Customer 00003,Spain,Industrial
C00004,Customer 00004,France,Wholesale
C00005,Customer 00005,France,Retail
C00006,Customer 00006,Netherlands,Retail
C00007,Customer 00007,Brazil,Industrial
C00008,Customer 00008,Italy,Industrial
C00009,Customer 00009,Germany,Retail
C00010,Customer 00010,Brazil,Wholesale
C00011,Customer 00011,Spain,Retail
C00012,Customer 00012,Netherlands,Retail
C00013,Customer 00013,Italy,Retail
C00014,Customer 00014,Italy,Retail
C00015,Customer 00015,Italy,Retail
C00016,Customer 00016,Italy,Wholesale
C00017,Customer 00017,Spain,Retail
C00018,Customer 00018,Brazil,Retail
C00019,Customer 00019,Netherlands,Retail
C00020,Customer 00020,France,Retail
C00021,Customer 00021,Spain,Retail
C00022,Customer 00022,France,Wholesale
C00023,Customer 00023,Germany,Retail
C00024,Customer 00024,Netherlands,Wholesale
C00025,Customer 00025,Italy,Industrial
C00026,Customer 00026,Spain,Retail
C00027,Customer 00027,France,Industrial
C00028,Customer 00028,Italy,Industrial
C00029,Customer 00029,Spain,Wholesale
C00030,Customer 00030,France,Wholesale
C00031,Customer 00031,France,Wholesale
C00032,Customer 00032,Germany,Wholesale
C00033,Customer 00033,Brazil,Wholesale
C00034,Customer 00034,Spain,Retail
C00035,Customer 00035,Netherlands,Industrial
C00036,Customer 00036,Brazil,Wholesale
C00037,Customer 00037,Netherlands,Wholesale
C00038,Customer 00038,Italy,Retail
C00039,Customer 00039,Germany,Retail
C00040,Customer 00040,Spain,Retail
C00041,Customer 00041,Brazil,Retail
C00042,Customer 00042,Italy,Retail
C00043,Customer 00043,Italy,Retail
C00044,Customer 00044,France,Retail
C00045,Customer 00045,Brazil,Retail
C00046,Customer 00046,Netherlands,Retail
C00047,Customer 00047,France,Industrial
C00048,Customer 00048,Netherlands,Retail
C00049,Customer 00049,Italy,Retail
C00050,Customer 00050,Italy,Retail
C00051,Customer 00051,Italy,Retail
C00052,Customer 00052,Germany,Retail
C00053,Customer 00053,France,Wholesale
C00054,Customer 00054,France,Industrial
C00055,Customer 00055,France,Retail
C00056,Customer 00056,Brazil,Wholesale
C00057,Customer 00057,Spain,Retail
C00058,Customer 00058,Brazil,Retail
C00059,Customer 00059,Italy,Retail
C00060,Customer 00060,Italy,Retail
C00061,Customer 00061,Netherlands,Wholesale
C00062,Customer 00062,Italy,Wholesale
C00063,Customer 00063,France,Wholesale
C00064,Customer 00064,Netherlands,Retail
C00065,Customer 00065,France,Wholesale
C00066,Customer 00066,Germany,Retail
C00067,Customer 00067,Netherlands,Retail
C00068,Customer 00068,France,Retail
C00069,Customer 00069,Brazil,Wholesale
C00070,Customer 00070,France,Industrial
C00071,Customer 00071,Italy,Retail
C00072,Customer 00072,Germany,Wholesale
C00073,Customer 00073,France,Wholesale
C00074,Customer 00074,Brazil,Wholesale
C00075,Customer 00075,Italy,Retail
C00076,Customer 00076,France,Wholesale
C00077,Customer 00077,Germany,Wholesale
C00078,Customer 00078,Germany,Industrial
C00079,Customer 00079,Spain,Retail
C00080,Customer 00080,Italy,Industrial
C00081,Customer 00081,Netherlands,Retail
C00082,Customer 00082,France,Wholesale
C00083,Customer 00083,Brazil,Retail
C00084,Customer 00084,Italy,Retail
C00085,Customer 00085,Spain,Retail
C00086,Customer 00086,Italy,Retail
C00087,Customer 00087,Brazil,Retail
C00088,Customer 00088,Germany,Retail
C00089,Customer 00089,Italy,Retail
C00090,Customer 00090,Italy,Retail
C00091,Customer 00091,France,Wholesale
C00092,Customer 00092,Italy,Industrial
C00093,Customer 00093,Netherlands,Wholesale
C00094,Customer 00094,France,Retail
C00095,Customer 00095,Netherlands,Retail
C00096,Customer 00096,Germany,Industrial
C00097,Customer 00097,Germany,Retail
C00098,Customer 00098,Italy,Retail
C00099,Customer 00099,Spain,Industrial
C00100,Customer 00100,Brazil,Industrial
C00101,Customer 00101,Italy,Retail
C00102,Customer 00102,Germany,Wholesale
C00103,Customer 00103,Italy,Retail
C00104,Customer 00104,Brazil,Wholesale
C00105,Customer 00105,Italy,Retail
C00106,Customer 00106,Italy,Retail
C00107,Customer 00107,Italy,Wholesale
C00108,Customer 00108,Spain,Retail
C00109,Customer 00109,France,Wholesale
C00110,Customer 00110,Italy,Retail
C00111,Customer 00111,Germany,Industrial
C00112,Customer 00112,Italy,Wholesale
C00113,Customer 00113,Spain,Retail
C00114,Customer 00114,France,Wholesale
C00115,Customer 00115,Spain,Retail
C00116,Customer 00116,Spain,Retail
C00117,Customer 00117,Brazil,Retail
C00118,Customer 00118,Brazil,Industrial
C00119,Customer 00119,Germany,Wholesale
C00120,Customer 00120,Brazil,Industrial
C00121,Customer 00121,France,Industrial
C00122,Customer 00122,Italy,Industrial
C00123,Customer 00123,Spain,Retail
C00124,Customer 00124,France,Industrial
C00125,Customer 00125,Netherlands,Wholesale
C00126,Customer 00126,Spain,Retail
C00127,Customer 00127,Brazil,Wholesale
C00128,Customer 00128,Italy,Retail
C00129,Customer 00129,Spain,Retail
C00130,Customer 00130,Spain,Retail
C00131,Customer 00131,Spain,Retail
C00132,Customer 00132,Spain,Retail
C00133,Customer 00133,Brazil,Industrial
C00134,Customer 00134,Spain,Wholesale
C00135,Customer 00135,Italy,Retail
C00136,Customer 00136,Germany,Retail
C00137,Customer 00137,Spain,Retail
C00138,Customer 00138,Brazil,Retail
C00139,Customer 00139,France,Wholesale
C00140,Customer 00140,France,Retail
C00141,Customer 00141,Netherlands,Wholesale
C00142,Customer 00142,Germany,Wholesale
C00143,Customer 00143,Germany,Wholesale
C00144,Customer 00144,France,Industrial
C00145,Customer 00145,Netherlands,Retail
C00146,Customer 00146,Netherlands,Industrial
C00147,Customer 00147,Brazil,Wholesale
C00148,Customer 00148,Germany,Wholesale
C00149,Customer 00149,Italy,Wholesale
C00150,Customer 00150,Brazil,Wholesale
C00151,Customer 00151,Netherlands,Industrial
C00152,Customer 00152,Germany,Retail
C00153,Customer 00153,Netherlands,Wholesale
C00154,Customer 00154,Germany,Wholesale
C00155,Customer 00155,France,Retail
C00156,Customer 00156,Spain,Industrial
C00157,Customer 00157,Brazil,Retail
C00158,Customer 00158,Spain,Wholesale
C00159,Customer 00159,Spain,Retail
C00160,Customer 00160,Italy,Retail
C00161,Customer 00161,Netherlands,Wholesale
C00162,Customer 00162,Spain,Retail
C00163,Customer 00163,France,Retail
C00164,Customer 00164,France,Retail
C00165,Customer 00165,France,Retail
C00166,Customer 00166,Italy,Wholesale
C00167,Customer 00167,Germany,Industrial
C00168,Customer 00168,Germany,Retail
C00169,Customer 00169,France,Wholesale
C00170,Customer 00170,Brazil,Retail
C00171,Customer 00171,Brazil,Wholesale
C00172,Customer 00172,Brazil,Retail
C00173,Customer 00173,Italy,Retail
C00174,Customer 00174,Italy,Retail
C00175,Customer 00175,Italy,Wholesale
C00176,Customer 00176,France,Retail
C00177,Customer 00177,Italy,Retail
C00178,Customer 00178,Brazil,Wholesale
C00179,Customer 00179,Netherlands,Wholesale
C00180,Customer 00180,Spain,Retail
C00181,Customer 00181,Netherlands,Wholesale
C00182,Customer 00182,Brazil,Industrial
C00183,Customer 00183,France,Retail
C00184,Customer 00184,Italy,Wholesale
C00185,Customer 00185,France,Retail
C00186,Customer 00186,France,Wholesale
C00187,Customer 00187,Brazil,Retail
C00188,Customer 00188,France,Wholesale
C00189,Customer 00189,Germany,Retail
C00190,Customer 00190,Germany,Retail
C00191,Customer 00191,Italy,Industrial
C00192,Customer 00192,Spain,Retail
C00193,Customer 00193,Spain,Industrial
C00194,Customer 00194,France,Industrial
C00195,Customer 00195,Netherlands,Industrial
C00196,Customer 00196,Brazil,Retail
C00197,Customer 00197,France,Wholesale
C00198,Customer 00198,Brazil,Retail
C00199,Customer 00199,France,Retail
C00200,Customer 00200,Netherlands,Industrial
C00201,Customer 00201,France,Wholesale
C00202,Customer 00202,Netherlands,Retail
C00203,Customer 00203,France,Retail
C00204,Customer 00204,Italy,Wholesale
C00205,Customer 00205,France,Wholesale
C00206,Customer 00206,Germany,Retail
C00207,Customer 00207,Italy,Industrial
C00208,Customer 00208,Netherlands,Retail
C00209,Customer 00209,Germany,Retail
C00210,Customer 00210,Italy,Wholesale
C00211,Customer 00211,Germany,Industrial
C00212,Customer 00212,Italy,Retail
C00213,Customer 00213,Italy,Retail
C00214,Customer 00214,France,Retail
C00215,Customer 00215,Italy,Industrial
C00216,Customer 00216,Germany,Retail
C00217,Customer 00217,Brazil,Retail
C00218,Customer 00218,Brazil,Industrial
C00219,Customer 00219,France,Retail
C00220,Customer 00220,Netherlands,Wholesale
C00221,Customer 00221,Brazil,Retail
C00222,Customer 00222,France,Wholesale
C00223,Customer 00223,Italy,Retail
C00224,Customer 00224,Germany,Retail
C00225,Customer 00225,Italy,Retail
C00226,Customer 00226,Germany,Wholesale
C00227,Customer 00227,Italy,Wholesale
C00228,Customer 00228,Spain,Retail
C00229,Customer 00229,Spain,Retail
C00230,Customer 00230,Germany,Industrial
C00231,Customer 00231,France,Retail
C00232,Customer 00232,Netherlands,Retail
C00233,Customer 00233,Brazil,Wholesale
C00234,Customer 00234,Italy,Retail
C00235,Customer 00235,France,Retail
C00236,Customer 00236,Italy,Retail
C00237,Customer 00237,Spain,Retail
C00238,Customer 00238,France,Retail
C00239,Customer 00239,Germany,Wholesale
C00240,Customer 00240,Spain,Wholesale
C00241,Customer 00241,Brazil,Retail
C00242,Customer 00242,Spain,Wholesale
C00243,Customer 00243,Brazil,Retail
C00244,Customer 00244,Spain,Wholesale
C00245,Customer 00245,Spain,Retail
C00246,Customer 00246,Brazil,Wholesale
C00247,Customer 00247,Italy,Retail
C00248,Customer 00248,France,Retail
C00249,Customer 00249,Italy,Retail
C00250,Customer 00250,Brazil,Retail
C00251,Customer 00251,Germany,Retail
C00252,Customer 00252,France,Wholesale
C00253,Customer 00253,Germany,Wholesale
C00254,Customer 00254,Germany,Retail
C00255,Customer 00255,Spain,Industrial
C00256,Customer 00256,Brazil,Wholesale
C00257,Customer 00257,Italy,Industrial
C00258,Customer 00258,Brazil,Wholesale
C00259,Customer 00259,Germany,Wholesale
C00260,Customer 00260,Spain,Retail
C00261,Customer 00261,Italy,Wholesale
C00262,Customer 00262,Germany,Industrial
C00263,Customer 00263,Germany,Retail
C00264,Customer 00264,Netherlands,Retail
C00265,Customer 00265,Netherlands,Retail
C00266,Customer 00266,Spain,Industrial
C00267,Customer 00267,France,Retail
C00268,Customer 00268,France,Wholesale
C00269,Customer 00269,Spain,Wholesale
C00270,Customer 00270,Spain,Industrial
C00271,Customer 00271,Germany,Retail
C00272,Customer 00272,Brazil,Wholesale
C00273,Customer 00273,Brazil,Industrial
C00274,Customer 00274,Netherlands,Retail
C00275,Customer 00275,France,Wholesale
C00276,Customer 00276,France,Retail
C00277,Customer 00277,France,Wholesale
C00278,Customer 00278,Italy,Retail
C00279,Customer 00279,Brazil,Retail
C00280,Customer 00280,Brazil,Retail
C00281,Customer 00281,Germany,Retail
C00282,Customer 00282,France,Retail
C00283,Customer 00283,Italy,Wholesale
C00284,Customer 00284,France,Retail
C00285,Customer 00285,France,Retail
C00286,Customer 00286,Netherlands,Wholesale
C00287,Customer 00287,Brazil,Wholesale
C00288,Customer 00288,Spain,Retail
C00289,Customer 00289,Spain,Industrial
C00290,Customer 00290,France,Retail
C00291,Customer 00291,Italy,Wholesale
C00292,Customer 00292,Germany,Retail
C00293,Customer 00293,Netherlands,Wholesale
C00294,Customer 00294,Germany,Industrial
C00295,Customer 00295,Spain,Wholesale
C00296,Customer 00296,Spain,Wholesale
C00297,Customer 00297,Netherlands,Wholesale
C00298,Customer 00298,France,Retail
C00299,Customer 00299,Germany,Wholesale
C00300,Customer 00300,Brazil,Wholesale
C00301,Customer 00301,France,Industrial
C00302,Customer 00302,Italy,Retail
C00303,Customer 00303,Brazil,Retail
C00304,Customer 00304,Netherlands,Wholesale
C00305,Customer 00305,Spain,Retail
C00306,Customer 00306,Brazil,Retail
C00307,Customer 00307,Germany,Retail
C00308,Customer 00308,Spain,Wholesale
C00309,Customer 00309,Germany,Retail
C00310,Customer 00310,Brazil,Retail
C00311,Customer 00311,Spain,Retail
C00312,Customer 00312,Italy,Industrial
C00313,Customer 00313,Brazil,Wholesale
C00314,Customer 00314,Germany,Retail
C00315,Customer 00315,Germany,Retail
C00316,Customer 00316,Spain,Wholesale
C00317,Customer 00317,Italy,Retail
C00318,Customer 00318,Italy,Wholesale
C00319,Customer 00319,Netherlands,Retail
C00320,Customer 00320,Italy,Industrial
C00321,Customer 00321,Germany,Retail
C00322,Customer 00322,Brazil,Wholesale
C00323,Customer 00323,Spain,Retail
C00324,Customer 00324,Netherlands,Industrial
C00325,Customer 00325,Netherlands,Industrial
C00326,Customer 00326,Germany,Wholesale
C00327,Customer 00327,Germany,Retail
C00328,Customer 00328,Brazil,Retail
C00329,Customer 00329,Brazil,Wholesale
C00330,Customer 00330,Spain,Wholesale
C00331,Customer 00331,Spain,Retail
C00332,Customer 00332,France,Retail
C00333,Customer 00333,Germany,Retail
C00334,Customer 00334,Italy,Wholesale
C00335,Customer 00335,France,Wholesale
C00336,Customer 00336,Italy,Wholesale
C00337,Customer 00337,Netherlands,Wholesale
C00338,Customer 00338,Germany,Retail
C00339,Customer 00339,Germany,Retail
C00340,Customer 00340,Netherlands,Retail
C00341,Customer 00341,Spain,Wholesale
C00342,Customer 00342,Germany,Retail
C00343,Customer 00343,Spain,Retail
C00344,Customer 00344,Spain,Retail
C00345,Customer 00345,Netherlands,Retail
C00346,Customer 00346,Germany,Wholesale
C00347,Customer 00347,Netherlands,Retail
C00348,Customer 00348,Netherlands,Retail
C00349,Customer 00349,Germany,Wholesale
C00350,Customer 00350,Brazil,Retail
C00351,Customer 00351,Spain,Retail
C00352,Customer 00352,Brazil,Retail
C00353,Customer 00353,Germany,Wholesale
C00354,Customer 00354,France,Retail
C00355,Customer 00355,Netherlands,Wholesale
C00356,Customer 00356,Netherlands,Industrial
C00357,Customer 00357,Brazil,Wholesale
C00358,Customer 00358,Netherlands,Retail
C00359,Customer 00359,Brazil,Wholesale
C00360,Customer 00360,Italy,Retail
C00361,Customer 00361,Netherlands,Retail
C00362,Customer 00362,Netherlands,Retail
C00363,Customer 00363,Germany,Retail
C00364,Customer 00364,Netherlands,Retail
C00365,Customer 00365,Brazil,Retail
C00366,Customer 00366,Spain,Retail
C00367,Customer 00367,France,Retail
C00368,Customer 00368,Germany,Wholesale
C00369,Customer 00369,Brazil,Industrial
C00370,Customer 00370,Italy,Retail
C00371,Customer 00371,France,Wholesale
C00372,Customer 00372,Spain,Retail
C00373,Customer 00373,France,Retail
C00374,Customer 00374,France,Retail
C00375,Customer 00375,Netherlands,Retail
C00376,Customer 00376,Brazil,Retail
C00377,Customer 00377,Italy,Retail
C00378,Customer 00378,Italy,Retail
C00379,Customer 00379,France,Retail
C00380,Customer 00380,Germany,Retail
C00381,Customer 00381,Brazil,Retail
C00382,Customer 00382,Netherlands,Retail
C00383,Customer 00383,Netherlands,Retail
C00384,Customer 00384,Germany,Retail
C00385,Customer 00385,Brazil,Retail
C00386,Customer 00386,Brazil,Retail
C00387,Customer 00387,Brazil,Retail
C00388,Customer 00388,Italy,Industrial
C00389,Customer 00389,Netherlands,Retail
C00390,Customer 00390,Brazil,Retail
C00391,Customer 00391,Italy,Retail
C00392,Customer 00392,Germany,Industrial
C00393,Customer 00393,France,Wholesale
C00394,Customer 00394,Spain,Wholesale
C00395,Customer 00395,Italy,Industrial
C00396,Customer 00396,Netherlands,Retail
C00397,Customer 00397,Brazil,Industrial
C00398,Customer 00398,Germany,Retail
C00399,Customer 00399,Germany,Wholesale
C00400,Customer 00400,Germany,Retail
C00401,Customer 00401,Netherlands,Retail
C00402,Customer 00402,Italy,Industrial
C00403,Customer 00403,Germany,Retail
C00404,Customer 00404,Netherlands,Industrial
C00405,Customer 00405,France,Retail
C00406,Customer 00406,Spain,Wholesale
C00407,Customer 00407,France,Industrial
C00408,Customer 00408,Brazil,Retail
C00409,Customer 00409,Netherlands,Industrial
C00410,Customer 00410,Brazil,Wholesale
C00411,Customer 00411,Germany,Wholesale
C00412,Customer 00412,Germany,Retail
C00413,Customer 00413,Germany,Retail
C00414,Customer 00414,Brazil,Wholesale
C00415,Customer 00415,Brazil,Retail
C00416,Customer 00416,Italy,Retail
C00417,Customer 00417,Netherlands,Retail
C00418,Customer 00418,Brazil,Industrial
C00419,Customer 00419,Germany,Retail
C00420,Customer 00420,Spain,Wholesale
C00421,Customer 00421,Netherlands,Industrial
C00422,Customer 00422,Italy,Retail
C00423,Customer 00423,Italy,Retail
C00424,Customer 00424,Spain,Wholesale
C00425,Customer 00425,France,Retail
C00426,Customer 00426,Germany,Wholesale
C00427,Customer 00427,Netherlands,Wholesale
C00428,Customer 00428,Italy,Wholesale
C00429,Customer 00429,Brazil,Retail
C00430,Customer 00430,Italy,Wholesale
C00431,Customer 00431,Brazil,Wholesale
C00432,Customer 00432,Italy,Retail
C00433,Customer 00433,Italy,Wholesale
C00434,Customer 00434,Brazil,Industrial
C00435,Customer 00435,France,Wholesale
C00436,Customer 00436,Brazil,Retail
C00437,Customer 00437,Spain,Retail
C00438,Customer 00438,Netherlands,Retail
C00439,Customer 00439,Brazil,Retail
C00440,Customer 00440,France,Retail
C00441,Customer 00441,Netherlands,Industrial
C00442,Customer 00442,Germany,Retail
C00443,Customer 00443,Brazil,Wholesale
C00444,Customer 00444,France,Retail
C00445,Customer 00445,Spain,Retail
C00446,Customer 00446,Spain,Retail
C00447,Customer 00447,Germany,Retail
C00448,Customer 00448,Netherlands,Wholesale
C00449,Customer 00449,Spain,Industrial
C00450,Customer 00450,Germany,Industrial
C00451,Customer 00451,Netherlands,Retail
C00452,Customer 00452,Netherlands,Wholesale
C00453,Customer 00453,France,Retail
C00454,Customer 00454,Brazil,Industrial
C00455,Customer 00455,Spain,Retail
C00456,Customer 00456,Spain,Retail
C00457,Customer 00457,Brazil,Retail
C00458,Customer 00458,Spain,Retail
C00459,Customer 00459,Netherlands,Retail
C00460,Customer 00460,Brazil,Industrial
C00461,Customer 00461,Italy,Wholesale
C00462,Customer 00462,Brazil,Industrial
C00463,Customer 00463,Italy,Retail
C00464,Customer 00464,France,Wholesale
C00465,Customer 00465,Brazil,Retail
C00466,Customer 00466,Netherlands,Retail
C00467,Customer 00467,Brazil,Retail
C00468,Customer 00468,Spain,Retail
C00469,Customer 00469,Germany,Wholesale
C00470,Customer 00470,Netherlands,Retail
C00471,Customer 00471,Italy,Retail
C00472,Customer 00472,Italy,Wholesale
C00473,Customer 00473,France,Retail
C00474,Customer 00474,France,Industrial
C00475,Customer 00475,Spain,Retail
C00476,Customer 00476,Italy,Wholesale
C00477,Customer 00477,Netherlands,Wholesale
C00478,Customer 00478,Brazil,Wholesale
C00479,Customer 00479,Spain,Wholesale
C00480,Customer 00480,Brazil,Industrial
C00481,Customer 00481,Germany,Wholesale
C00482,Customer 00482,Italy,Retail
C00483,Customer 00483,Germany,Retail
C00484,Customer 00484,Italy,Wholesale
C00485,Customer 00485,France,Retail
C00486,Customer 00486,Germany,Retail
C00487,Customer 00487,France,Retail
C00488,Customer 00488,Spain,Retail
C00489,Customer 00489,Italy,Retail
C00490,Customer 00490,Spain,Wholesale
C00491,Customer 00491,Netherlands,Wholesale
C00492,Customer 00492,Netherlands,Wholesale
C00493,Customer 00493,Italy,Retail
C00494,Customer 00494,Spain,Retail
C00495,Customer 00495,Germany,Wholesale
C00496,Customer 00496,France,Retail
C00497,Customer 00497,Brazil,Wholesale
C00498,Customer 00498,France,Retail
C00499,Customer 00499,Netherlands,Industrial
C00500,Customer 00500,France,Retail
C00501,Customer 00501,Brazil,Wholesale
C00502,Customer 00502,Spain,Wholesale
C00503,Customer 00503,Netherlands,Retail
C00504,Customer 00504,Netherlands,Wholesale
C00505,Customer 00505,Germany,Retail
C00506,Customer 00506,France,Wholesale
C00507,Customer 00507,Spain,Wholesale
C00508,Customer 00508,Germany,Retail
C00509,Customer 00509,Germany,Retail
C00510,Customer 00510,Germany,Wholesale
C00511,Customer 00511,Netherlands,Retail
C00512,Customer 00512,Italy,Industrial
C00513,Customer 00513,Netherlands,Wholesale
C00514,Customer 00514,Italy,Wholesale
C00515,Customer 00515,Netherlands,Retail
C00516,Customer 00516,Brazil,Wholesale
C00517,Customer 00517,Netherlands,Industrial
C00518,Customer 00518,Brazil,Retail
C00519,Customer 00519,France,Retail
C00520,Customer 00520,Spain,Retail
C00521,Customer 00521,France,Retail
C00522,Customer 00522,Brazil,Wholesale
C00523,Customer 00523,Germany,Retail
C00524,Customer 00524,Italy,Wholesale
C00525,Customer 00525,Germany,Retail
C00526,Customer 00526,Germany,Retail
C00527,Customer 00527,Netherlands,Retail
C00528,Customer 00528,Brazil,Industrial
C00529,Customer 00529,Netherlands,Wholesale
C00530,Customer 00530,Netherlands,Retail
C00531,Customer 00531,Spain,Wholesale
C00532,Customer 00532,Brazil,Retail
C00533,Customer 00533,Brazil,Retail
C00534,Customer 00534,Germany,Retail
C00535,Customer 00535,Spain,Industrial
C00536,Customer 00536,Brazil,Wholesale
C00537,Customer 00537,France,Wholesale
C00538,Customer 00538,Brazil,Retail
C00539,Customer 00539,Spain,Retail
C00540,Customer 00540,Brazil,Wholesale
C00541,Customer 00541,Italy,Retail
C00542,Customer 00542,Brazil,Industrial
C00543,Customer 00543,Germany,Wholesale
C00544,Customer 00544,Germany,Retail
C00545,Customer 00545,Italy,Wholesale
C00546,Customer 00546,Brazil,Industrial
C00547,Customer 00547,France,Retail
C00548,Customer 00548,Spain,Wholesale
C00549,Customer 00549,Spain,Industrial
C00550,Customer 00550,Italy,Retail
C00551,Customer 00551,Italy,Industrial
C00552,Customer 00552,France,Retail
C00553,Customer 00553,Italy,Wholesale
C00554,Customer 00554,Germany,Wholesale
C00555,Customer 00555,Netherlands,Wholesale
C00556,Customer 00556,Spain,Retail
C00557,Customer 00557,Italy,Wholesale
C00558,Customer 00558,Netherlands,Retail
C00559,Customer 00559,Italy,Retail
C00560,Customer 00560,Netherlands,Retail
C00561,Customer 00561,Spain,Wholesale
C00562,Customer 00562,Brazil,Retail
C00563,Customer 00563,France,Retail
C00564,Customer 00564,Germany,Industrial
C00565,Customer 00565,Netherlands,Retail
C00566,Customer 00566,Germany,Retail
C00567,Customer 00567,Germany,Retail
C00568,Customer 00568,Germany,Retail
C00569,Customer 00569,Spain,Wholesale
C00570,Customer 00570,Spain,Retail
C00571,Customer 00571,Netherlands,Retail
C00572,Customer 00572,France,Industrial
C00573,Customer 00573,Germany,Wholesale
C00574,Customer 00574,Brazil,Wholesale
C00575,Customer 00575,Brazil,Industrial
C00576,Customer 00576,France,Industrial
C00577,Customer 00577,Netherlands,Retail
C00578,Customer 00578,Spain,Wholesale
C00579,Customer 00579,Netherlands,Wholesale
C00580,Customer 00580,Brazil,Retail
C00581,Customer 00581,Brazil,Retail
C00582,Customer 00582,Netherlands,Retail
C00583,Customer 00583,Brazil,Wholesale
C00584,Customer 00584,Brazil,Wholesale
C00585,Customer 00585,France,Wholesale
C00586,Customer 00586,Netherlands,Retail
C00587,Customer 00587,Italy,Retail
C00588,Customer 00588,Brazil,Retail
C00589,Customer 00589,Netherlands,Retail
C00590,Customer 00590,Netherlands,Industrial
C00591,Customer 00591,Italy,Industrial
C00592,Customer 00592,Netherlands,Industrial
C00593,Customer 00593,Germany,Industrial
C00594,Customer 00594,Netherlands,Industrial
C00595,Customer 00595,Germany,Retail
C00596,Customer 00596,Italy,Retail
C00597,Customer 00597,Spain,Retail
C00598,Customer 00598,Italy,Retail
C00599,Customer 00599,Spain,Retail
C00600,Customer 00600,Spain,Retail
C00601,Customer 00601,Spain,Industrial
C00602,Customer 00602,Italy,Retail
C00603,Customer 00603,Italy,Industrial
C00604,Customer 00604,Brazil,Wholesale
C00605,Customer 00605,Italy,Wholesale
C00606,Customer 00606,Spain,Wholesale
C00607,Customer 00607,Germany,Retail
C00608,Customer 00608,Spain,Wholesale
C00609,Customer 00609,Netherlands,Retail
C00610,Customer 00610,Netherlands,Industrial
C00611,Customer 00611,Netherlands,Retail
C00612,Customer 00612,France,Retail
C00613,Customer 00613,Italy,Wholesale
C00614,Customer 00614,France,Wholesale
C00615,Customer 00615,Italy,Retail
C00616,Customer 00616,Spain,Wholesale
C00617,Customer 00617,Germany,Retail
C00618,Customer 00618,Germany,Wholesale
C00619,Customer 00619,Brazil,Retail
C00620,Customer 00620,Brazil,Retail
C00621,Customer 00621,France,Retail
C00622,Customer 00622,France,Retail
C00623,Customer 00623,Brazil,Retail
C00624,Customer 00624,France,Retail
C00625,Customer 00625,Spain,Retail
C00626,Customer 00626,Germany,Retail
C00627,Customer 00627,France,Retail
C00628,Customer 00628,France,Retail
C00629,Customer 00629,Spain,Wholesale
C00630,Customer 00630,France,Industrial
C00631,Customer 00631,Italy,Retail
C00632,Customer 00632,Germany,Industrial
C00633,Customer 00633,France,Retail
C00634,Customer 00634,France,Retail
C00635,Customer 00635,Germany,Wholesale
C00636,Customer 00636,Italy,Wholesale
C00637,Customer 00637,Germany,Wholesale
C00638,Customer 00638,Germany,Retail
C00639,Customer 00639,Italy,Wholesale
C00640,Customer 00640,Netherlands,Retail
C00641,Customer 00641,Italy,Retail
C00642,Customer 00642,Netherlands,Retail
C00643,Customer 00643,Netherlands,Industrial
C00644,Customer 00644,France,Retail
C00645,Customer 00645,Italy,Wholesale
C00646,Customer 00646,Germany,Wholesale
C00647,Customer 00647,France,Wholesale
C00648,Customer 00648,Spain,Wholesale
C00649,Customer 00649,Netherlands,Industrial
C00650,Customer 00650,Netherlands,Retail
C00651,Customer 00651,France,Retail
C00652,Customer 00652,Spain,Wholesale
C00653,Customer 00653,Germany,Retail
C00654,Customer 00654,Italy,Retail
C00655,Customer 00655,Spain,Retail
C00656,Customer 00656,Spain,Retail
C00657,Customer 00657,Italy,Retail
C00658,Customer 00658,Spain,Retail
C00659,Customer 00659,Brazil,Industrial
C00660,Customer 00660,Germany,Retail
C00661,Customer 00661,Germany,Industrial
C00662,Customer 00662,Italy,Industrial
C00663,Customer 00663,Brazil,Retail
C00664,Customer 00664,Germany,Wholesale
C00665,Customer 00665,Spain,Wholesale
C00666,Customer 00666,Italy,Wholesale
C00667,Customer 00667,Spain,Retail
C00668,Customer 00668,Netherlands,Retail
C00669,Customer 00669,Netherlands,Retail
C00670,Customer 00670,Brazil,Wholesale
C00671,Customer 00671,Netherlands,Industrial
C00672,Customer 00672,Spain,Wholesale
C00673,Customer 00673,Spain,Wholesale
C00674,Customer 00674,Brazil,Industrial
C00675,Customer 00675,Spain,Wholesale
C00676,Customer 00676,Italy,Retail
C00677,Customer 00677,Spain,Industrial
C00678,Customer 00678,Brazil,Retail
C00679,Customer 00679,Spain,Retail
C00680,Customer 00680,Netherlands,Retail
C00681,Customer 00681,Italy,Industrial
C00682,Customer 00682,Brazil,Retail
C00683,Customer 00683,Netherlands,Retail
C00684,Customer 00684,Netherlands,Retail
C00685,Customer 00685,Germany,Retail
C00686,Customer 00686,Italy,Retail
C00687,Customer 00687,France,Wholesale
C00688,Customer 00688,Spain,Industrial
C00689,Customer 00689,France,Retail
C00690,Customer 00690,Italy,Retail
C00691,Customer 00691,Netherlands,Retail
C00692,Customer 00692,Italy,Retail
C00693,Customer 00693,Netherlands,Wholesale
C00694,Customer 00694,Netherlands,Wholesale
C00695,Customer 00695,Brazil,Wholesale
C00696,Customer 00696,Germany,Retail
C00697,Customer 00697,Italy,Wholesale
C00698,Customer 00698,Spain,Retail
C00699,Customer 00699,Brazil,Retail
C00700,Customer 00700,Brazil,Industrial
C00701,Customer 00701,Spain,Wholesale
C00702,Customer 00702,Spain,Industrial
C00703,Customer 00703,Germany,Industrial
C00704,Customer 00704,Germany,Wholesale
C00705,Customer 00705,Brazil,Industrial
C00706,Customer 00706,Spain,Retail
C00707,Customer 00707,Brazil,Retail
C00708,Customer 00708,Spain,Retail
C00709,Customer 00709,France,Retail
C00710,Customer 00710,France,Retail
C00711,Customer 00711,Italy,Retail
C00712,Customer 00712,Spain,Wholesale
C00713,Customer 00713,Italy,Wholesale
C00714,Customer 00714,Italy,Wholesale
C00715,Customer 00715,Netherlands,Retail
C00716,Customer 00716,Italy,Wholesale
C00717,Customer 00717,Spain,Retail
C00718,Customer 00718,France,Retail
C00719,Customer 00719,Germany,Retail
C00720,Customer 00720,Spain,Retail
C00721,Customer 00721,Brazil,Retail
C00722,Customer 00722,Netherlands,Wholesale
C00723,Customer 00723,Netherlands,Wholesale
C00724,Customer 00724,Brazil,Wholesale
C00725,Customer 00725,Italy,Retail
C00726,Customer 00726,Brazil,Wholesale
C00727,Customer 00727,Italy,Wholesale
C00728,Customer 00728,Brazil,Retail
C00729,Customer 00729,France,Wholesale
C00730,Customer 00730,Spain,Retail
C00731,Customer 00731,Italy,Retail
C00732,Customer 00732,France,Retail
C00733,Customer 00733,Netherlands,Retail
C00734,Customer 00734,Italy,Retail
C00735,Customer 00735,Germany,Retail
C00736,Customer 00736,Italy,Retail
C00737,Customer 00737,Italy,Industrial
C00738,Customer 00738,France,Retail
C00739,Customer 00739,Italy,Retail
C00740,Customer 00740,Netherlands,Retail
C00741,Customer 00741,Italy,Industrial
C00742,Customer 00742,Italy,Wholesale
C00743,Customer 00743,Spain,Industrial
C00744,Customer 00744,Germany,Retail
C00745,Customer 00745,Italy,Retail
C00746,Customer 00746,France,Wholesale
C00747,Customer 00747,Spain,Retail
C00748,Customer 00748,Germany,Wholesale
C00749,Customer 00749,Germany,Industrial
C00750,Customer 00750,Brazil,Retail
C00751,Customer 00751,Netherlands,Industrial
C00752,Customer 00752,Brazil,Wholesale
C00753,Customer 00753,Brazil,Retail
C00754,Customer 00754,Netherlands,Retail
C00755,Customer 00755,Spain,Retail
C00756,Customer 00756,France,Wholesale
C00757,Customer 00757,Italy,Retail
C00758,Customer 00758,France,Retail
C00759,Customer 00759,Brazil,Wholesale
C00760,Customer 00760,Italy,Retail
C00761,Customer 00761,Germany,Retail
C00762,Customer 00762,Spain,Wholesale
C00763,Customer 00763,Netherlands,Retail
C00764,Customer 00764,Netherlands,Retail
C00765,Customer 00765,France,Retail
C00766,Customer 00766,Italy,Retail
C00767,Customer 00767,Spain,Retail
C00768,Customer 00768,France,Wholesale
C00769,Customer 00769,Brazil,Industrial
C00770,Customer 00770,France,Retail
C00771,Customer 00771,Spain,Industrial
C00772,Customer 00772,Netherlands,Wholesale
C00773,Customer 00773,Brazil,Wholesale
C00774,Customer 00774,Italy,Wholesale
C00775,Customer 00775,Netherlands,Wholesale
C00776,Customer 00776,Netherlands,Wholesale
C00777,Customer 00777,France,Retail
C00778,Customer 00778,Brazil,Retail
C00779,Customer 00779,Germany,Retail
C00780,Customer 00780,Netherlands,Retail
C00781,Customer 00781,Netherlands,Wholesale
C00782,Customer 00782,Spain,Retail
C00783,Customer 00783,Brazil,Retail
C00784,Customer 00784,Brazil,Retail
C00785,Customer 00785,France,Retail
C00786,Customer 00786,Spain,Wholesale
C00787,Customer 00787,Brazil,Wholesale
C00788,Customer 00788,Italy,Retail
C00789,Customer 00789,Spain,Retail
C00790,Customer 00790,Brazil,Retail
C00791,Customer 00791,Brazil,Retail
C00792,Customer 00792,France,Wholesale
C00793,Customer 00793,Italy,Wholesale
C00794,Customer 00794,Italy,Retail
C00795,Customer 00795,France,Retail
C00796,Customer 00796,Germany,Industrial
C00797,Customer 00797,Netherlands,Wholesale
C00798,Customer 00798,France,Retail
C00799,Customer 00799,Germany,Retail
C00800,Customer 00800,France,Retail
C00801,Customer 00801,Brazil,Industrial
C00802,Customer 00802,Germany,Retail
C00803,Customer 00803,Spain,Retail
C00804,Customer 00804,Netherlands,Industrial
C00805,Customer 00805,Italy,Wholesale
C00806,Customer 00806,Italy,Retail
C00807,Customer 00807,Spain,Retail
C00808,Customer 00808,Brazil,Retail
C00809,Customer 00809,France,Wholesale
C00810,Customer 00810,Netherlands,Retail
C00811,Customer 00811,Brazil,Industrial
C00812,Customer 00812,Netherlands,Industrial
C00813,Customer 00813,Italy,Retail
C00814,Customer 00814,Germany,Wholesale
C00815,Customer 00815,Italy,Retail
C00816,Customer 00816,Netherlands,Retail
C00817,Customer 00817,Brazil,Wholesale
C00818,Customer 00818,Brazil,Retail
C00819,Customer 00819,Spain,Retail
C00820,Customer 00820,Netherlands,Retail
C00821,Customer 00821,Brazil,Retail
C00822,Customer 00822,Spain,Retail
C00823,Customer 00823,Brazil,Wholesale
C00824,Customer 00824,Spain,Wholesale
C00825,Customer 00825,Spain,Wholesale
C00826,Customer 00826,Brazil,Wholesale
C00827,Customer 00827,Italy,Retail
C00828,Customer 00828,Netherlands,Wholesale
C00829,Customer 00829,Netherlands,Retail
C00830,Customer 00830,Brazil,Retail
C00831,Customer 00831,Germany,Industrial
C00832,Customer 00832,Germany,Retail
C00833,Customer 00833,France,Retail
C00834,Customer 00834,Brazil,Retail
C00835,Customer 00835,Netherlands,Retail
C00836,Customer 00836,Italy,Retail
C00837,Customer 00837,Italy,Retail
C00838,Customer 00838,Germany,Industrial
C00839,Customer 00839,Brazil,Retail
C00840,Customer 00840,Netherlands,Retail
C00841,Customer 00841,Germany,Retail
C00842,Customer 00842,Spain,Wholesale
C00843,Customer 00843,Netherlands,Retail
C00844,Customer 00844,Brazil,Retail
C00845,Customer 00845,Brazil,Retail
C00846,Customer 00846,Brazil,Wholesale
C00847,Customer 00847,Brazil,Wholesale
C00848,Customer 00848,Brazil,Wholesale
C00849,Customer 00849,Italy,Wholesale
C00850,Customer 00850,Spain,Retail
C00851,Customer 00851,Netherlands,Retail
C00852,Customer 00852,Italy,Retail
C00853,Customer 00853,Netherlands,Retail
C00854,Customer 00854,Germany,Retail
C00855,Customer 00855,Germany,Retail
C00856,Customer 00856,Netherlands,Retail
C00857,Customer 00857,Germany,Wholesale
C00858,Customer 00858,Brazil,Retail
C00859,Customer 00859,Italy,Wholesale
C00860,Customer 00860,Italy,Wholesale
C00861,Customer 00861,Netherlands,Retail
C00862,Customer 00862,Netherlands,Retail
C00863,Customer 00863,Brazil,Wholesale
C00864,Customer 00864,Italy,Wholesale
C00865,Customer 00865,Netherlands,Retail
C00866,Customer 00866,Italy,Retail
C00867,Customer 00867,Italy,Wholesale
C00868,Customer 00868,Netherlands,Wholesale
C00869,Customer 00869,France,Retail
C00870,Customer 00870,Brazil,Retail
C00871,Customer 00871,France,Industrial
C00872,Customer 00872,Germany,Retail
C00873,Customer 00873,Brazil,Industrial
C00874,Customer 00874,Brazil,Retail
C00875,Customer 00875,Italy,Retail
C00876,Customer 00876,Spain,Retail
C00877,Customer 00877,Spain,Retail
C00878,Customer 00878,Italy,Industrial
C00879,Customer 00879,Spain,Retail
C00880,Customer 00880,Spain,Industrial
C00881,Customer 00881,Brazil,Retail
C00882,Customer 00882,Netherlands,Industrial
C00883,Customer 00883,France,Industrial
C00884,Customer 00884,Brazil,Wholesale
C00885,Customer 00885,Italy,Retail
C00886,Customer 00886,Italy,Wholesale
C00887,Customer 00887,Brazil,Retail
C00888,Customer 00888,Germany,Industrial
C00889,Customer 00889,Brazil,Retail
C00890,Customer 00890,Germany,Retail
C00891,Customer 00891,Brazil,Retail
C00892,Customer 00892,Italy,Wholesale
C00893,Customer 00893,Spain,Industrial
C00894,Customer 00894,Netherlands,Retail
C00895,Customer 00895,Italy,Wholesale
C00896,Customer 00896,Spain,Industrial
C00897,Customer 00897,Spain,Retail
C00898,Customer 00898,Brazil,Retail
C00899,Customer 00899,Brazil,Wholesale
C00900,Customer 00900,Spain,Wholesale
C00901,Customer 00901,Brazil,Retail
C00902,Customer 00902,Brazil,Wholesale
C00903,Customer 00903,Germany,Retail
C00904,Customer 00904,Netherlands,Industrial
C00905,Customer 00905,France,Industrial
C00906,Customer 00906,Italy,Wholesale
C00907,Customer 00907,France,Retail
C00908,Customer 00908,Germany,Retail
C00909,Customer 00909,France,Retail
C00910,Customer 00910,Brazil,Retail
C00911,Customer 00911,Italy,Wholesale
C00912,Customer 00912,Germany,Retail
C00913,Customer 00913,France,Retail
C00914,Customer 00914,Netherlands,Retail
C00915,Customer 00915,Spain,Retail
C00916,Customer 00916,France,Retail
C00917,Customer 00917,Spain,Wholesale
C00918,Customer 00918,Italy,Wholesale
C00919,Customer 00919,Germany,Retail
C00920,Customer 00920,Spain,Industrial
C00921,Customer 00921,Netherlands,Industrial
C00922,Customer 00922,Spain,Retail
C00923,Customer 00923,France,Wholesale
C00924,Customer 00924,Brazil,Retail
C00925,Customer 00925,Germany,Retail
C00926,Customer 00926,Netherlands,Retail
C00927,Customer 00927,Spain,Retail
C00928,Customer 00928,Germany,Industrial
C00929,Customer 00929,France,Industrial
C00930,Customer 00930,Spain,Wholesale
C00931,Customer 00931,Spain,Wholesale
C00932,Customer 00932,Italy,Wholesale
C00933,Customer 00933,Germany,Industrial
C00934,Customer 00934,Spain,Retail
C00935,Customer 00935,France,Retail
C00936,Customer 00936,Netherlands,Wholesale
C00937,Customer 00937,Brazil,Retail
C00938,Customer 00938,Brazil,Retail
C00939,Customer 00939,France,Retail
C00940,Customer 00940,Spain,Wholesale
C00941,Customer 00941,Italy,Retail
C00942,Customer 00942,France,Retail
C00943,Customer 00943,Netherlands,Retail
C00944,Customer 00944,France,Retail
C00945,Customer 00945,Brazil,Industrial
C00946,Customer 00946,Brazil,Retail
C00947,Customer 00947,Netherlands,Wholesale
C00948,Customer 00948,Brazil,Wholesale
C00949,Customer 00949,Netherlands,Retail
C00950,Customer 00950,Germany,Wholesale
C00951,Customer 00951,Brazil,Wholesale
C00952,Customer 00952,Germany,Wholesale
C00953,Customer 00953,Spain,Retail
C00954,Customer 00954,France,Retail
C00955,Customer 00955,Italy,Industrial
C00956,Customer 00956,Spain,Wholesale
C00957,Customer 00957,France,Industrial
C00958,Customer 00958,Spain,Industrial
C00959,Customer 00959,Netherlands,Retail
C00960,Customer 00960,France,Wholesale
C00961,Customer 00961,Brazil,Retail
C00962,Customer 00962,France,Wholesale
C00963,Customer 00963,Netherlands,Retail
C00964,Customer 00964,Germany,Retail
C00965,Customer 00965,Netherlands,Wholesale
C00966,Customer 00966,Spain,Wholesale
C00967,Customer 00967,Spain,Wholesale
C00968,Customer 00968,Germany,Retail
C00969,Customer 00969,Netherlands,Retail
C00970,Customer 00970,Brazil,Industrial
C00971,Customer 00971,Germany,Retail
C00972,Customer 00972,France,Retail
C00973,Customer 00973,France,Wholesale
C00974,Customer 00974,France,Retail
C00975,Customer 00975,Brazil,Wholesale
C00976,Customer 00976,Germany,Retail
C00977,Customer 00977,Brazil,Wholesale
C00978,Customer 00978,Spain,Industrial
C00979,Customer 00979,France,Industrial
C00980,Customer 00980,Spain,Wholesale
C00981,Customer 00981,Spain,Retail
C00982,Customer 00982,Italy,Wholesale
C00983,Customer 00983,Spain,Wholesale
C00984,Customer 00984,Spain,Wholesale
C00985,Customer 00985,Spain,Wholesale
C00986,Customer 00986,Spain,Wholesale
C00987,Customer 00987,Spain,Wholesale
C00988,Customer 00988,Germany,Wholesale
C00989,Customer 00989,Germany,Retail
C00990,Customer 00990,Italy,Retail
C00991,Customer 00991,France,Wholesale
C00992,Customer 00992,Spain,Retail
C00993,Customer 00993,Germany,Industrial
C00994,Customer 00994,France,Wholesale
C00995,Customer 00995,Spain,Retail
C00996,Customer 00996,Spain,Wholesale
C00997,Customer 00997,Spain,Wholesale
C00998,Customer 00998,France,Wholesale
C00999,Customer 00999,Netherlands,Retail
C01000,Customer 01000,Spain,Industrial
C01001,Customer 01001,Italy,Retail
C01002,Customer 01002,Italy,Wholesale
C01003,Customer 01003,Spain,Retail
C01004,Customer 01004,Netherlands,Wholesale
C01005,Customer 01005,Brazil,Wholesale
C01006,Customer 01006,Netherlands,Wholesale
C01007,Customer 01007,Netherlands,Retail
C01008,Customer 01008,Spain,Wholesale
C01009,Customer 01009,Italy,Wholesale
C01010,Customer 01010,Spain,Retail
C01011,Customer 01011,Germany,Industrial
C01012,Customer 01012,Italy,Wholesale
C01013,Customer 01013,Germany,Industrial
C01014,Customer 01014,Germany,Industrial
C01015,Customer 01015,Spain,Industrial
C01016,Customer 01016,Netherlands,Wholesale
C01017,Customer 01017,France,Wholesale
C01018,Customer 01018,France,Retail
C01019,Customer 01019,Brazil,Retail
C01020,Customer 01020,Brazil,Wholesale
C01021,Customer 01021,Brazil,Retail
C01022,Customer 01022,Brazil,Industrial
C01023,Customer 01023,Netherlands,Retail
C01024,Customer 01024,Netherlands,Retail
C01025,Customer 01025,Italy,Retail
C01026,Customer 01026,Brazil,Retail
C01027,Customer 01027,Brazil,Retail
C01028,Customer 01028,Germany,Retail
C01029,Customer 01029,Spain,Wholesale
C01030,Customer 01030,France,Retail
C01031,Customer 01031,France,Retail
C01032,Customer 01032,Germany,Retail
C01033,Customer 01033,Italy,Retail
C01034,Customer 01034,Germany,Retail
C01035,Customer 01035,Brazil,Wholesale
C01036,Customer 01036,Italy,Wholesale
C01037,Customer 01037,Netherlands,Retail
C01038,Customer 01038,Brazil,Wholesale
C01039,Customer 01039,France,Retail
C01040,Customer 01040,Italy,Retail
C01041,Customer 01041,Italy,Industrial
C01042,Customer 01042,Netherlands,Retail
C01043,Customer 01043,France,Industrial
C01044,Customer 01044,France,Retail
C01045,Customer 01045,Italy,Retail
C01046,Customer 01046,Brazil,Retail
C01047,Customer 01047,Germany,Retail
C01048,Customer 01048,Spain,Industrial
C01049,Customer 01049,Italy,Retail
C01050,Customer 01050,Brazil,Industrial
C01051,Customer 01051,Spain,Industrial
C01052,Customer 01052,France,Wholesale
C01053,Customer 01053,Spain,Retail
C01054,Customer 01054,Netherlands,Retail
C01055,Customer 01055,Brazil,Retail
C01056,Customer 01056,Netherlands,Wholesale
C01057,Customer 01057,France,Retail
C01058,Customer 01058,Italy,Industrial
C01059,Customer 01059,France,Wholesale
C01060,Customer 01060,Germany,Retail
C01061,Customer 01061,Italy,Wholesale
C01062,Customer 01062,Italy,Retail
C01063,Customer 01063,Brazil,Industrial
C01064,Customer 01064,Italy,Retail
C01065,Customer 01065,Italy,Industrial
C01066,Customer 01066,France,Wholesale
C01067,Customer 01067,Netherlands,Industrial
C01068,Customer 01068,Spain,Retail
C01069,Customer 01069,France,Wholesale
C01070,Customer 01070,Brazil,Retail
C01071,Customer 01071,Italy,Wholesale
C01072,Customer 01072,Germany,Retail
C01073,Customer 01073,Italy,Retail
C01074,Customer 01074,Spain,Retail
C01075,Customer 01075,France,Retail
C01076,Customer 01076,Brazil,Retail
C01077,Customer 01077,Italy,Wholesale
C01078,Customer 01078,Brazil,Retail
C01079,Customer 01079,France,Wholesale
C01080,Customer 01080,Netherlands,Retail
C01081,Customer 01081,Netherlands,Wholesale
C01082,Customer 01082,Netherlands,Wholesale
C01083,Customer 01083,Netherlands,Retail
C01084,Customer 01084,Spain,Wholesale
C01085,Customer 01085,Germany,Industrial
C01086,Customer 01086,Netherlands,Wholesale
C01087,Customer 01087,Italy,Retail
C01088,Customer 01088,Netherlands,Retail
C01089,Customer 01089,Spain,Wholesale
C01090,Customer 01090,Brazil,Retail
C01091,Customer 01091,Spain,Wholesale
C01092,Customer 01092,France,Retail
C01093,Customer 01093,Netherlands,Wholesale
C01094,Customer 01094,France,Retail
C01095,Customer 01095,Germany,Retail
C01096,Customer 01096,Brazil,Industrial
C01097,Customer 01097,Netherlands,Industrial
C01098,Customer 01098,Italy,Industrial
C01099,Customer 01099,Brazil,Industrial
C01100,Customer 01100,France,Retail
C01101,Customer 01101,France,Retail
C01102,Customer 01102,France,Retail
C01103,Customer 01103,Netherlands,Retail
C01104,Customer 01104,Brazil,Retail
C01105,Customer 01105,Germany,Industrial
C01106,Customer 01106,Germany,Retail
C01107,Customer 01107,Germany,Retail
C01108,Customer 01108,Netherlands,Retail
C01109,Customer 01109,Netherlands,Retail
C01110,Customer 01110,Brazil,Retail
C01111,Customer 01111,Spain,Wholesale
C01112,Customer 01112,Germany,Retail
C01113,Customer 01113,Germany,Wholesale
C01114,Customer 01114,Germany,Industrial
C01115,Customer 01115,Germany,Wholesale
C01116,Customer 01116,France,Wholesale
C01117,Customer 01117,Netherlands,Retail
C01118,Customer 01118,Spain,Retail
C01119,Customer 01119,Italy,Retail
C01120,Customer 01120,France,Industrial
C01121,Customer 01121,Brazil,Wholesale
C01122,Customer 01122,Brazil,Retail
C01123,Customer 01123,Germany,Retail
C01124,Customer 01124,Germany,Wholesale
C01125,Customer 01125,Netherlands,Wholesale
C01126,Customer 01126,Netherlands,Wholesale
C01127,Customer 01127,Netherlands,Industrial
C01128,Customer 01128,Spain,Wholesale
C01129,Customer 01129,Spain,Wholesale
C01130,Customer 01130,Spain,Retail
C01131,Customer 01131,France,Retail
C01132,Customer 01132,Italy,Industrial
C01133,Customer 01133,Italy,Wholesale
C01134,Customer 01134,Italy,Retail
C01135,Customer 01135,Spain,Wholesale
C01136,Customer 01136,Brazil,Retail
C01137,Customer 01137,Italy,Wholesale
C01138,Customer 01138,France,Retail
C01139,Customer 01139,Italy,Wholesale
C01140,Customer 01140,Spain,Retail
C01141,Customer 01141,Netherlands,Retail
C01142,Customer 01142,France,Retail
C01143,Customer 01143,Netherlands,Wholesale
C01144,Customer 01144,Netherlands,Retail
C01145,Customer 01145,Germany,Retail
C01146,Customer 01146,France,Wholesale
C01147,Customer 01147,Spain,Retail
C01148,Customer 01148,Italy,Retail
C01149,Customer 01149,Italy,Retail
C01150,Customer 01150,Netherlands,Industrial
C01151,Customer 01151,France,Retail
C01152,Customer 01152,Spain,Retail
C01153,Customer 01153,France,Retail
C01154,Customer 01154,Netherlands,Retail
C01155,Customer 01155,Germany,Retail
C01156,Customer 01156,Spain,Retail
C01157,Customer 01157,Brazil,Retail
C01158,Customer 01158,Netherlands,Retail
C01159,Customer 01159,France,Industrial
C01160,Customer 01160,France,Retail
C01161,Customer 01161,Spain,Retail
C01162,Customer 01162,France,Industrial
C01163,Customer 01163,Netherlands,Industrial
C01164,Customer 01164,Spain,Wholesale
C01165,Customer 01165,Spain,Retail
C01166,Customer 01166,Brazil,Retail
C01167,Customer 01167,Brazil,Retail
C01168,Customer 01168,France,Retail
C01169,Customer 01169,Netherlands,Retail
C01170,Customer 01170,Netherlands,Wholesale
C01171,Customer 01171,Spain,Retail
C01172,Customer 01172,Spain,Wholesale
C01173,Customer 01173,France,Retail
C01174,Customer 01174,Germany,Retail
C01175,Customer 01175,Brazil,Wholesale
C01176,Customer 01176,France,Industrial
C01177,Customer 01177,Germany,Retail
C01178,Customer 01178,Germany,Wholesale
C01179,Customer 01179,Germany,Retail
C01180,Customer 01180,Brazil,Retail
C01181,Customer 01181,Spain,Wholesale
C01182,Customer 01182,Netherlands,Retail
C01183,Customer 01183,Italy,Retail
C01184,Customer 01184,France,Retail
C01185,Customer 01185,France,Retail
C01186,Customer 01186,Germany,Retail
C01187,Customer 01187,Brazil,Retail
C01188,Customer 01188,Spain,Industrial
C01189,Customer 01189,Spain,Wholesale
C01190,Customer 01190,Brazil,Retail
C01191,Customer 01191,France,Retail
C01192,Customer 01192,Germany,Wholesale
C01193,Customer 01193,Germany,Retail
C01194,Customer 01194,Italy,Retail
C01195,Customer 01195,Spain,Wholesale
C01196,Customer 01196,Spain,Retail
C01197,Customer 01197,Italy,Retail
C01198,Customer 01198,Netherlands,Retail
C01199,Customer 01199,Italy,Retail
C01200,Customer 01200,Spain,Retail
C01201,Customer 01201,Netherlands,Industrial
C01202,Customer 01202,France,Retail
C01203,Customer 01203,Netherlands,Wholesale
C01204,Customer 01204,Italy,Wholesale
C01205,Customer 01205,Spain,Retail
C01206,Customer 01206,Netherlands,Retail
C01207,Customer 01207,Spain,Retail
C01208,Customer 01208,Italy,Wholesale
C01209,Customer 01209,Germany,Retail
C01210,Customer 01210,Netherlands,Wholesale
C01211,Customer 01211,Spain,Industrial
C01212,Customer 01212,Italy,Wholesale
C01213,Customer 01213,France,Industrial
C01214,Customer 01214,Netherlands,Wholesale
C01215,Customer 01215,Brazil,Industrial
C01216,Customer 01216,Brazil,Wholesale
C01217,Customer 01217,Spain,Wholesale
C01218,Customer 01218,Italy,Wholesale
C01219,Customer 01219,Italy,Industrial
C01220,Customer 01220,France,Retail
C01221,Customer 01221,Spain,Wholesale
C01222,Customer 01222,Spain,Retail
C01223,Customer 01223,Netherlands,Industrial
C01224,Customer 01224,Spain,Retail
C01225,Customer 01225,France,Wholesale
C01226,Customer 01226,Netherlands,Wholesale
C01227,Customer 01227,Brazil,Industrial
C01228,Customer 01228,Netherlands,Retail
C01229,Customer 01229,Brazil,Wholesale
C01230,Customer 01230,Germany,Wholesale
C01231,Customer 01231,Italy,Industrial
C01232,Customer 01232,Italy,Industrial
C01233,Customer 01233,Netherlands,Wholesale
C01234,Customer 01234,Italy,Wholesale
C01235,Customer 01235,Spain,Retail
C01236,Customer 01236,France,Industrial
C01237,Customer 01237,Brazil,Retail
C01238,Customer 01238,Brazil,Wholesale
C01239,Customer 01239,Germany,Wholesale
C01240,Customer 01240,Brazil,Retail
C01241,Customer 01241,Spain,Retail
C01242,Customer 01242,Italy,Retail
C01243,Customer 01243,Netherlands,Industrial
C01244,Customer 01244,France,Retail
C01245,Customer 01245,Netherlands,Retail
C01246,Customer 01246,Netherlands,Wholesale
C01247,Customer 01247,Netherlands,Retail
C01248,Customer 01248,France,Industrial
C01249,Customer 01249,Germany,Retail
C01250,Customer 01250,Netherlands,Retail
C01251,Customer 01251,Germany,Retail
C01252,Customer 01252,France,Retail
C01253,Customer 01253,Brazil,Retail
C01254,Customer 01254,Italy,Wholesale
C01255,Customer 01255,Spain,Retail
C01256,Customer 01256,Brazil,Retail
C01257,Customer 01257,Germany,Retail
C01258,Customer 01258,Spain,Retail
C01259,Customer 01259,Spain,Industrial
C01260,Customer 01260,Italy,Retail
C01261,Customer 01261,Germany,Industrial
C01262,Customer 01262,Netherlands,Retail
C01263,Customer 01263,France,Retail
C01264,Customer 01264,Italy,Retail
C01265,Customer 01265,Germany,Retail
C01266,Customer 01266,Brazil,Wholesale
C01267,Customer 01267,Brazil,Retail
C01268,Customer 01268,France,Retail
C01269,Customer 01269,Netherlands,Wholesale
C01270,Customer 01270,Brazil,Wholesale
C01271,Customer 01271,France,Industrial
C01272,Customer 01272,Brazil,Industrial
C01273,Customer 01273,Netherlands,Wholesale
C01274,Customer 01274,Italy,Wholesale
C01275,Customer 01275,Italy,Wholesale
C01276,Customer 01276,Italy,Retail
C01277,Customer 01277,Spain,Wholesale
C01278,Customer 01278,Italy,Retail
C01279,Customer 01279,Brazil,Wholesale
C01280,Customer 01280,Netherlands,Industrial
C01281,Customer 01281,Italy,Retail
C01282,Customer 01282,Italy,Wholesale
C01283,Customer 01283,France,Industrial
C01284,Customer 01284,Italy,Retail
C01285,Customer 01285,France,Retail
C01286,Customer 01286,Brazil,Industrial
C01287,Customer 01287,Netherlands,Industrial
C01288,Customer 01288,Germany,Retail
C01289,Customer 01289,Brazil,Retail
C01290,Customer 01290,Spain,Wholesale
C01291,Customer 01291,Germany,Retail
C01292,Customer 01292,Netherlands,Retail
C01293,Customer 01293,France,Retail
C01294,Customer 01294,Brazil,Retail
C01295,Customer 01295,Netherlands,Wholesale
C01296,Customer 01296,Spain,Wholesale
C01297,Customer 01297,Germany,Wholesale
C01298,Customer 01298,Italy,Wholesale
C01299,Customer 01299,Spain,Retail
C01300,Customer 01300,Brazil,Retail
C01301,Customer 01301,Italy,Retail
C01302,Customer 01302,France,Retail
C01303,Customer 01303,Italy,Retail
C01304,Customer 01304,Netherlands,Retail
C01305,Customer 01305,Spain,Retail
C01306,Customer 01306,Italy,Retail
C01307,Customer 01307,Germany,Wholesale
C01308,Customer 01308,Germany,Wholesale
C01309,Customer 01309,France,Industrial
C01310,Customer 01310,Netherlands,Wholesale
C01311,Customer 01311,Spain,Wholesale
C01312,Customer 01312,France,Retail
C01313,Customer 01313,Italy,Wholesale
C01314,Customer 01314,Netherlands,Retail
C01315,Customer 01315,Netherlands,Retail
C01316,Customer 01316,Germany,Retail
C01317,Customer 01317,Italy,Retail
C01318,Customer 01318,Spain,Retail
C01319,Customer 01319,France,Wholesale
C01320,Customer 01320,France,Wholesale
C01321,Customer 01321,Brazil,Wholesale
C01322,Customer 01322,Germany,Wholesale
C01323,Customer 01323,Spain,Retail
C01324,Customer 01324,Netherlands,Retail
C01325,Customer 01325,Netherlands,Wholesale
C01326,Customer 01326,Germany,Retail
C01327,Customer 01327,Italy,Retail
C01328,Customer 01328,Brazil,Retail
C01329,Customer 01329,Italy,Industrial
C01330,Customer 01330,France,Wholesale
C01331,Customer 01331,France,Retail
C01332,Customer 01332,Italy,Wholesale
C01333,Customer 01333,France,Retail
C01334,Customer 01334,Italy,Retail
C01335,Customer 01335,Spain,Retail
C01336,Customer 01336,Netherlands,Retail
C01337,Customer 01337,Spain,Wholesale
C01338,Customer 01338,Germany,Retail
C01339,Customer 01339,Italy,Wholesale
C01340,Customer 01340,France,Retail
C01341,Customer 01341,Spain,Wholesale
C01342,Customer 01342,Brazil,Wholesale
C01343,Customer 01343,Brazil,Wholesale
C01344,Customer 01344,Spain,Wholesale
C01345,Customer 01345,Germany,Industrial
C01346,Customer 01346,Netherlands,Retail
C01347,Customer 01347,Netherlands,Wholesale
C01348,Customer 01348,Italy,Wholesale
C01349,Customer 01349,Italy,Retail
C01350,Customer 01350,Spain,Retail
C01351,Customer 01351,Brazil,Retail
C01352,Customer 01352,France,Retail
C01353,Customer 01353,France,Retail
C01354,Customer 01354,Netherlands,Retail
C01355,Customer 01355,Germany,Wholesale
C01356,Customer 01356,France,Retail
C01357,Customer 01357,France,Wholesale
C01358,Customer 01358,Brazil,Retail
C01359,Customer 01359,Brazil,Wholesale
C01360,Customer 01360,France,Retail
C01361,Customer 01361,Brazil,Retail
C01362,Customer 01362,Brazil,Retail
C01363,Customer 01363,France,Wholesale
C01364,Customer 01364,Germany,Retail
C01365,Customer 01365,Spain,Industrial
C01366,Customer 01366,Brazil,Retail
C01367,Customer 01367,Germany,Wholesale
C01368,Customer 01368,France,Retail
C01369,Customer 01369,Netherlands,Wholesale
C01370,Customer 01370,Spain,Retail
C01371,Customer 01371,Netherlands,Retail
C01372,Customer 01372,France,Retail
C01373,Customer 01373,France,Retail
C01374,Customer 01374,France,Retail
C01375,Customer 01375,Netherlands,Industrial
C01376,Customer 01376,Netherlands,Retail
C01377,Customer 01377,Netherlands,Retail
C01378,Customer 01378,Italy,Industrial
C01379,Customer 01379,Spain,Retail
C01380,Customer 01380,Spain,Retail
C01381,Customer 01381,Netherlands,Wholesale
C01382,Customer 01382,Germany,Industrial
C01383,Customer 01383,France,Wholesale
C01384,Customer 01384,Netherlands,Retail
C01385,Customer 01385,France,Industrial
C01386,Customer 01386,Germany,Retail
C01387,Customer 01387,Spain,Industrial
C01388,Customer 01388,Germany,Wholesale
C01389,Customer 01389,Netherlands,Industrial
C01390,Customer 01390,Netherlands,Retail
C01391,Customer 01391,Germany,Retail
C01392,Customer 01392,Spain,Wholesale
C01393,Customer 01393,Netherlands,Retail
C01394,Customer 01394,Italy,Retail
C01395,Customer 01395,Germany,Industrial
C01396,Customer 01396,Spain,Wholesale
C01397,Customer 01397,Spain,Retail
C01398,Customer 01398,Spain,Retail
C01399,Customer 01399,Brazil,Retail
C01400,Customer 01400,Germany,Retail
C01401,Customer 01401,Netherlands,Retail
C01402,Customer 01402,Germany,Wholesale
C01403,Customer 01403,Germany,Wholesale
C01404,Customer 01404,Germany,Retail
C01405,Customer 01405,Germany,Retail
C01406,Customer 01406,Brazil,Wholesale
C01407,Customer 01407,France,Wholesale
C01408,Customer 01408,Netherlands,Industrial
C01409,Customer 01409,Brazil,Retail
C01410,Customer 01410,Germany,Wholesale
C01411,Customer 01411,Brazil,Retail
C01412,Customer 01412,Spain,Retail
C01413,Customer 01413,Germany,Industrial
C01414,Customer 01414,Italy,Retail
C01415,Customer 01415,Spain,Retail
C01416,Customer 01416,Italy,Retail
C01417,Customer 01417,Spain,Retail
C01418,Customer 01418,France,Retail
C01419,Customer 01419,Netherlands,Wholesale
C01420,Customer 01420,France,Retail
C01421,Customer 01421,Netherlands,Retail
C01422,Customer 01422,Netherlands,Industrial
C01423,Customer 01423,Spain,Retail
C01424,Customer 01424,Italy,Industrial
C01425,Customer 01425,Germany,Retail
C01426,Customer 01426,Italy,Wholesale
C01427,Customer 01427,Italy,Retail
C01428,Customer 01428,Netherlands,Wholesale
C01429,Customer 01429,Germany,Retail
C01430,Customer 01430,Italy,Industrial
C01431,Customer 01431,France,Retail
C01432,Customer 01432,Germany,Wholesale
C01433,Customer 01433,Germany,Retail
C01434,Customer 01434,Spain,Retail
C01435,Customer 01435,Germany,Retail
C01436,Customer 01436,Brazil,Retail
C01437,Customer 01437,France,Retail
C01438,Customer 01438,Spain,Wholesale
C01439,Customer 01439,Germany,Retail
C01440,Customer 01440,Netherlands,Retail
C01441,Customer 01441,Italy,Retail
C01442,Customer 01442,Spain,Retail
C01443,Customer 01443,Netherlands,Retail
C01444,Customer 01444,France,Wholesale
C01445,Customer 01445,Brazil,Retail
C01446,Customer 01446,Brazil,Industrial
C01447,Customer 01447,Netherlands,Retail
C01448,Customer 01448,Netherlands,Retail
C01449,Customer 01449,Italy,Industrial
C01450,Customer 01450,Brazil,Retail
C01451,Customer 01451,Germany,Retail
C01452,Customer 01452,Brazil,Industrial
C01453,Customer 01453,Brazil,Industrial
C01454,Customer 01454,Germany,Wholesale
C01455,Customer 01455,Spain,Retail
C01456,Customer 01456,Brazil,Wholesale
C01457,Customer 01457,Netherlands,Industrial
C01458,Customer 01458,France,Industrial
C01459,Customer 01459,Germany,Retail
C01460,Customer 01460,Spain,Retail
C01461,Customer 01461,Italy,Retail
C01462,Customer 01462,Germany,Retail
C01463,Customer 01463,Brazil,Wholesale
C01464,Customer 01464,Brazil,Retail
C01465,Customer 01465,Netherlands,Retail
C01466,Customer 01466,Brazil,Retail
C01467,Customer 01467,Spain,Retail
C01468,Customer 01468,France,Retail
C01469,Customer 01469,Italy,Retail
C01470,Customer 01470,Brazil,Retail
C01471,Customer 01471,Netherlands,Industrial
C01472,Customer 01472,Italy,Retail
C01473,Customer 01473,France,Retail
C01474,Customer 01474,Germany,Retail
C01475,Customer 01475,Netherlands,Retail
C01476,Customer 01476,Germany,Retail
C01477,Customer 01477,France,Retail
C01478,Customer 01478,France,Retail
C01479,Customer 01479,Germany,Retail
C01480,Customer 01480,France,Wholesale
C01481,Customer 01481,Brazil,Retail
C01482,Customer 01482,Brazil,Retail
C01483,Customer 01483,Germany,Wholesale
C01484,Customer 01484,Brazil,Retail
C01485,Customer 01485,France,Retail
C01486,Customer 01486,Netherlands,Retail
C01487,Customer 01487,Brazil,Retail
C01488,Customer 01488,Brazil,Retail
C01489,Customer 01489,Brazil,Industrial
C01490,Customer 01490,Spain,Industrial
C01491,Customer 01491,Germany,Industrial
C01492,Customer 01492,France,Retail
C01493,Customer 01493,Brazil,Retail
C01494,Customer 01494,Germany,Retail
C01495,Customer 01495,France,Retail
C01496,Customer 01496,France,Retail
C01497,Customer 01497,Spain,Retail
C01498,Customer 01498,Italy,Retail
C01499,Customer 01499,France,Retail
C01500,Customer 01500,Netherlands,Retail
C01501,Customer 01501,Spain,Wholesale
C01502,Customer 01502,Germany,Retail
C01503,Customer 01503,Germany,Industrial
C01504,Customer 01504,Germany,Retail
C01505,Customer 01505,Spain,Retail
C01506,Customer 01506,Germany,Retail
C01507,Customer 01507,Netherlands,Retail
C01508,Customer 01508,France,Retail
C01509,Customer 01509,Netherlands,Retail
C01510,Customer 01510,Italy,Wholesale
C01511,Customer 01511,France,Retail
C01512,Customer 01512,Germany,Retail
C01513,Customer 01513,Italy,Industrial
C01514,Customer 01514,Germany,Retail
C01515,Customer 01515,Germany,Wholesale
C01516,Customer 01516,Netherlands,Retail
C01517,Customer 01517,France,Retail
C01518,Customer 01518,Brazil,Retail
C01519,Customer 01519,France,Retail
C01520,Customer 01520,France,Wholesale
C01521,Customer 01521,Netherlands,Retail
C01522,Customer 01522,Italy,Retail
C01523,Customer 01523,Germany,Retail
C01524,Customer 01524,Brazil,Industrial
C01525,Customer 01525,Spain,Wholesale
C01526,Customer 01526,Brazil,Industrial
C01527,Customer 01527,Germany,Wholesale
C01528,Customer 01528,Brazil,Wholesale
C01529,Customer 01529,Brazil,Retail
C01530,Customer 01530,Netherlands,Industrial
C01531,Customer 01531,Brazil,Retail
C01532,Customer 01532,Brazil,Retail
C01533,Customer 01533,Netherlands,Wholesale
C01534,Customer 01534,Germany,Retail
C01535,Customer 01535,Italy,Retail
C01536,Customer 01536,Brazil,Retail
C01537,Customer 01537,Brazil,Retail
C01538,Customer 01538,Brazil,Wholesale
C01539,Customer 01539,Italy,Retail
C01540,Customer 01540,Spain,Wholesale
C01541,Customer 01541,France,Retail
C01542,Customer 01542,Germany,Wholesale
C01543,Customer 01543,Brazil,Retail
C01544,Customer 01544,Spain,Industrial
C01545,Customer 01545,Germany,Retail
C01546,Customer 01546,Spain,Retail
C01547,Customer 01547,Italy,Retail
C01548,Customer 01548,Netherlands,Retail
C01549,Customer 01549,France,Retail
C01550,Customer 01550,Brazil,Wholesale
C01551,Customer 01551,Germany,Industrial
C01552,Customer 01552,Netherlands,Wholesale
C01553,Customer 01553,Spain,Retail
C01554,Customer 01554,Spain,Retail
C01555,Customer 01555,France,Wholesale
C01556,Customer 01556,Brazil,Wholesale
C01557,Customer 01557,Netherlands,Retail
C01558,Customer 01558,Italy,Industrial
C01559,Customer 01559,Netherlands,Retail
C01560,Customer 01560,Netherlands,Wholesale
C01561,Customer 01561,Germany,Industrial
C01562,Customer 01562,Germany,Wholesale
C01563,Customer 01563,Germany,Retail
C01564,Customer 01564,Netherlands,Wholesale
C01565,Customer 01565,Spain,Retail
C01566,Customer 01566,France,Wholesale
C01567,Customer 01567,Netherlands,Retail
C01568,Customer 01568,Spain,Wholesale
C01569,Customer 01569,Netherlands,Industrial
C01570,Customer 01570,Netherlands,Retail
C01571,Customer 01571,Brazil,Retail
C01572,Customer 01572,France,Wholesale
C01573,Customer 01573,Italy,Retail
C01574,Customer 01574,Italy,Retail
C01575,Customer 01575,Brazil,Retail
C01576,Customer 01576,Germany,Retail
C01577,Customer 01577,Spain,Wholesale
C01578,Customer 01578,Italy,Wholesale
C01579,Customer 01579,Brazil,Retail
C01580,Customer 01580,Spain,Retail
C01581,Customer 01581,Germany,Retail
C01582,Customer 01582,Germany,Retail
C01583,Customer 01583,Spain,Wholesale
C01584,Customer 01584,France,Retail
C01585,Customer 01585,Spain,Retail
C01586,Customer 01586,Germany,Industrial
C01587,Customer 01587,Italy,Retail
C01588,Customer 01588,Brazil,Wholesale
C01589,Customer 01589,Netherlands,Retail
C01590,Customer 01590,Brazil,Retail
C01591,Customer 01591,Italy,Retail
C01592,Customer 01592,France,Wholesale
C01593,Customer 01593,France,Wholesale
C01594,Customer 01594,Brazil,Retail
C01595,Customer 01595,Italy,Retail
C01596,Customer 01596,Brazil,Retail
C01597,Customer 01597,Spain,Wholesale
C01598,Customer 01598,Italy,Wholesale
C01599,Customer 01599,Netherlands,Wholesale
C01600,Customer 01600,Italy,Industrial
C01601,Customer 01601,Germany,Retail
C01602,Customer 01602,Italy,Wholesale
C01603,Customer 01603,Italy,Wholesale
C01604,Customer 01604,Germany,Retail
C01605,Customer 01605,Brazil,Industrial
C01606,Customer 01606,Netherlands,Retail
C01607,Customer 01607,Brazil,Wholesale
C01608,Customer 01608,Spain,Wholesale
C01609,Customer 01609,Germany,Industrial
C01610,Customer 01610,Brazil,Retail
C01611,Customer 01611,Italy,Retail
C01612,Customer 01612,Brazil,Wholesale
C01613,Customer 01613,Italy,Wholesale
C01614,Customer 01614,Italy,Retail
C01615,Customer 01615,Brazil,Wholesale
C01616,Customer 01616,Germany,Retail
C01617,Customer 01617,Italy,Wholesale
C01618,Customer 01618,Spain,Industrial
C01619,Customer 01619,Brazil,Retail
C01620,Customer 01620,Netherlands,Retail
C01621,Customer 01621,Germany,Industrial
C01622,Customer 01622,Brazil,Wholesale
C01623,Customer 01623,Netherlands,Industrial
C01624,Customer 01624,Brazil,Retail
C01625,Customer 01625,Spain,Industrial
C01626,Customer 01626,Netherlands,Retail
C01627,Customer 01627,Spain,Retail
C01628,Customer 01628,Spain,Retail
C01629,Customer 01629,France,Wholesale
C01630,Customer 01630,Brazil,Industrial
C01631,Customer 01631,Spain,Wholesale
C01632,Customer 01632,Netherlands,Wholesale
C01633,Customer 01633,Brazil,Retail
C01634,Customer 01634,Netherlands,Retail
C01635,Customer 01635,France,Retail
C01636,Customer 01636,Spain,Retail
C01637,Customer 01637,Brazil,Retail
C01638,Customer 01638,Spain,Industrial
C01639,Customer 01639,Germany,Wholesale
C01640,Customer 01640,Germany,Wholesale
C01641,Customer 01641,Italy,Retail
C01642,Customer 01642,Brazil,Retail
C01643,Customer 01643,France,Retail
C01644,Customer 01644,Spain,Retail
C01645,Customer 01645,Brazil,Retail
C01646,Customer 01646,Germany,Retail
C01647,Customer 01647,France,Retail
C01648,Customer 01648,Spain,Wholesale
C01649,Customer 01649,Netherlands,Retail
C01650,Customer 01650,Netherlands,Retail
C01651,Customer 01651,Germany,Retail
C01652,Customer 01652,Brazil,Retail
C01653,Customer 01653,Brazil,Retail
C01654,Customer 01654,Spain,Retail
C01655,Customer 01655,Brazil,Wholesale
C01656,Customer 01656,Germany,Retail
C01657,Customer 01657,Netherlands,Industrial
C01658,Customer 01658,Netherlands,Retail
C01659,Customer 01659,Netherlands,Retail
C01660,Customer 01660,Germany,Retail
C01661,Customer 01661,Spain,Retail
C01662,Customer 01662,Spain,Retail
C01663,Customer 01663,Germany,Industrial
C01664,Customer 01664,Spain,Retail
C01665,Customer 01665,Spain,Wholesale
C01666,Customer 01666,France,Retail
C01667,Customer 01667,Italy,Retail
C01668,Customer 01668,Italy,Retail
C01669,Customer 01669,Spain,Retail
C01670,Customer 01670,Italy,Retail
C01671,Customer 01671,Italy,Industrial
C01672,Customer 01672,Spain,Wholesale
C01673,Customer 01673,Germany,Industrial
C01674,Customer 01674,Italy,Retail
C01675,Customer 01675,Italy,Wholesale
C01676,Customer 01676,Netherlands,Wholesale
C01677,Customer 01677,Brazil,Wholesale
C01678,Customer 01678,France,Industrial
C01679,Customer 01679,Netherlands,Wholesale
C01680,Customer 01680,Spain,Industrial
C01681,Customer 01681,Netherlands,Wholesale
C01682,Customer 01682,Brazil,Retail
C01683,Customer 01683,Brazil,Wholesale
C01684,Customer 01684,Italy,Retail
C01685,Customer 01685,France,Industrial
C01686,Customer 01686,Spain,Wholesale
C01687,Customer 01687,France,Retail
C01688,Customer 01688,France,Retail
C01689,Customer 01689,Netherlands,Retail
C01690,Customer 01690,Brazil,Retail
C01691,Customer 01691,Italy,Retail
C01692,Customer 01692,Netherlands,Wholesale
C01693,Customer 01693,Spain,Wholesale
C01694,Customer 01694,France,Wholesale
C01695,Customer 01695,Brazil,Retail
C01696,Customer 01696,Italy,Retail
C01697,Customer 01697,France,Retail
C01698,Customer 01698,Brazil,Industrial
C01699,Customer 01699,France,Retail
C01700,Customer 01700,Netherlands,Retail
C01701,Customer 01701,Germany,Retail
C01702,Customer 01702,Germany,Wholesale
C01703,Customer 01703,Italy,Retail
C01704,Customer 01704,Germany,Wholesale
C01705,Customer 01705,Netherlands,Wholesale
C01706,Customer 01706,Netherlands,Wholesale
C01707,Customer 01707,Netherlands,Retail
C01708,Customer 01708,Netherlands,Retail
C01709,Customer 01709,Germany,Retail
C01710,Customer 01710,Germany,Retail
C01711,Customer 01711,France,Wholesale
C01712,Customer 01712,France,Retail
C01713,Customer 01713,Netherlands,Retail
C01714,Customer 01714,Italy,Retail
C01715,Customer 01715,Spain,Wholesale
C01716,Customer 01716,Netherlands,Retail
C01717,Customer 01717,Spain,Wholesale
C01718,Customer 01718,France,Retail
C01719,Customer 01719,France,Industrial
C01720,Customer 01720,Spain,Wholesale
C01721,Customer 01721,Brazil,Retail
C01722,Customer 01722,Italy,Retail
C01723,Customer 01723,Spain,Retail
C01724,Customer 01724,Italy,Retail
C01725,Customer 01725,Spain,Retail
C01726,Customer 01726,Italy,Industrial
C01727,Customer 01727,Netherlands,Wholesale
C01728,Customer 01728,Spain,Retail
C01729,Customer 01729,France,Wholesale
C01730,Customer 01730,Brazil,Retail
C01731,Customer 01731,Italy,Industrial
C01732,Customer 01732,Netherlands,Retail
C01733,Customer 01733,Italy,Wholesale
C01734,Customer 01734,Netherlands,Wholesale
C01735,Customer 01735,Netherlands,Retail
C01736,Customer 01736,Italy,Retail
C01737,Customer 01737,Spain,Retail
C01738,Customer 01738,Brazil,Industrial
C01739,Customer 01739,Brazil,Retail
C01740,Customer 01740,Germany,Wholesale
C01741,Customer 01741,France,Wholesale
C01742,Customer 01742,Italy,Wholesale
C01743,Customer 01743,France,Retail
C01744,Customer 01744,Brazil,Retail
C01745,Customer 01745,Germany,Wholesale
C01746,Customer 01746,Netherlands,Retail
C01747,Customer 01747,Netherlands,Industrial
C01748,Customer 01748,France,Retail
C01749,Customer 01749,Italy,Retail
C01750,Customer 01750,Italy,Wholesale
C01751,Customer 01751,Netherlands,Retail
C01752,Customer 01752,Netherlands,Retail
C01753,Customer 01753,Spain,Retail
C01754,Customer 01754,France,Retail
C01755,Customer 01755,Spain,Wholesale
C01756,Customer 01756,Germany,Retail
C01757,Customer 01757,France,Retail
C01758,Customer 01758,Spain,Retail
C01759,Customer 01759,Spain,Industrial
C01760,Customer 01760,Spain,Retail
C01761,Customer 01761,France,Industrial
C01762,Customer 01762,France,Industrial
C01763,Customer 01763,Brazil,Retail
C01764,Customer 01764,Spain,Wholesale
C01765,Customer 01765,Spain,Wholesale
C01766,Customer 01766,Netherlands,Retail
C01767,Customer 01767,Spain,Retail
C01768,Customer 01768,France,Wholesale
C01769,Customer 01769,Brazil,Wholesale
C01770,Customer 01770,Germany,Wholesale
C01771,Customer 01771,France,Industrial
C01772,Customer 01772,France,Retail
C01773,Customer 01773,France,Wholesale
C01774,Customer 01774,France,Industrial
C01775,Customer 01775,Italy,Retail
C01776,Customer 01776,Brazil,Retail
C01777,Customer 01777,Germany,Retail
C01778,Customer 01778,Brazil,Industrial
C01779,Customer 01779,Germany,Retail
C01780,Customer 01780,Italy,Wholesale
C01781,Customer 01781,Brazil,Retail
C01782,Customer 01782,France,Retail
C01783,Customer 01783,Brazil,Wholesale
C01784,Customer 01784,Netherlands,Retail
C01785,Customer 01785,Italy,Industrial
C01786,Customer 01786,Germany,Retail
C01787,Customer 01787,Germany,Industrial
C01788,Customer 01788,Brazil,Retail
C01789,Customer 01789,France,Industrial
C01790,Customer 01790,Italy,Wholesale
C01791,Customer 01791,Spain,Retail
C01792,Customer 01792,Netherlands,Retail
C01793,Customer 01793,France,Retail
C01794,Customer 01794,Germany,Wholesale
C01795,Customer 01795,France,Wholesale
C01796,Customer 01796,Germany,Retail
C01797,Customer 01797,Netherlands,Retail
C01798,Customer 01798,Germany,Wholesale
C01799,Customer 01799,France,Retail
C01800,Customer 01800,Spain,Wholesale
C01801,Customer 01801,Brazil,Retail
C01802,Customer 01802,France,Wholesale
C01803,Customer 01803,France,Industrial
C01804,Customer 01804,Germany,Retail
C01805,Customer 01805,Brazil,Retail
C01806,Customer 01806,Brazil,Retail
C01807,Customer 01807,Brazil,Wholesale
C01808,Customer 01808,France,Retail
C01809,Customer 01809,Brazil,Industrial
C01810,Customer 01810,Netherlands,Wholesale
C01811,Customer 01811,Germany,Retail
C01812,Customer 01812,Spain,Wholesale
C01813,Customer 01813,Italy,Retail
C01814,Customer 01814,France,Wholesale
C01815,Customer 01815,Netherlands,Retail
C01816,Customer 01816,Brazil,Wholesale
C01817,Customer 01817,Germany,Industrial
C01818,Customer 01818,Germany,Wholesale
C01819,Customer 01819,Brazil,Industrial
C01820,Customer 01820,Germany,Retail
C01821,Customer 01821,Germany,Wholesale
C01822,Customer 01822,Italy,Wholesale
C01823,Customer 01823,Germany,Wholesale
C01824,Customer 01824,Netherlands,Retail
C01825,Customer 01825,Italy,Retail
C01826,Customer 01826,Netherlands,Wholesale
C01827,Customer 01827,Brazil,Retail
C01828,Customer 01828,Netherlands,Wholesale
C01829,Customer 01829,Spain,Wholesale
C01830,Customer 01830,Netherlands,Industrial
C01831,Customer 01831,France,Retail
C01832,Customer 01832,Netherlands,Industrial
C01833,Customer 01833,Spain,Retail
C01834,Customer 01834,Brazil,Retail
C01835,Customer 01835,France,Wholesale
C01836,Customer 01836,Brazil,Retail
C01837,Customer 01837,Netherlands,Retail
C01838,Customer 01838,Germany,Retail
C01839,Customer 01839,Germany,Retail
C01840,Customer 01840,Spain,Wholesale
C01841,Customer 01841,France,Retail
C01842,Customer 01842,Brazil,Retail
C01843,Customer 01843,Italy,Wholesale
C01844,Customer 01844,Netherlands,Retail
C01845,Customer 01845,Italy,Wholesale
C01846,Customer 01846,Spain,Industrial
C01847,Customer 01847,France,Wholesale
C01848,Customer 01848,Spain,Industrial
C01849,Customer 01849,Spain,Retail
C01850,Customer 01850,Brazil,Wholesale
C01851,Customer 01851,Brazil,Retail
C01852,Customer 01852,Germany,Retail
C01853,Customer 01853,France,Wholesale
C01854,Customer 01854,Brazil,Retail
C01855,Customer 01855,Brazil,Industrial
C01856,Customer 01856,Netherlands,Wholesale
C01857,Customer 01857,France,Industrial
C01858,Customer 01858,Spain,Retail
C01859,Customer 01859,Spain,Retail
C01860,Customer 01860,Italy,Wholesale
C01861,Customer 01861,Italy,Retail
C01862,Customer 01862,Germany,Retail
C01863,Customer 01863,Netherlands,Wholesale
C01864,Customer 01864,France,Industrial
C01865,Customer 01865,Netherlands,Wholesale
C01866,Customer 01866,France,Retail
C01867,Customer 01867,Brazil,Retail
C01868,Customer 01868,Italy,Wholesale
C01869,Customer 01869,Brazil,Retail
C01870,Customer 01870,Italy,Retail
C01871,Customer 01871,Brazil,Retail
C01872,Customer 01872,Germany,Retail
C01873,Customer 01873,Spain,Retail
C01874,Customer 01874,Netherlands,Retail
C01875,Customer 01875,France,Wholesale
C01876,Customer 01876,Brazil,Retail
C01877,Customer 01877,Germany,Wholesale
C01878,Customer 01878,Netherlands,Retail
C01879,Customer 01879,Italy,Industrial
C01880,Customer 01880,Brazil,Retail
C01881,Customer 01881,France,Retail
C01882,Customer 01882,Germany,Retail
C01883,Customer 01883,Germany,Retail
C01884,Customer 01884,Netherlands,Retail
C01885,Customer 01885,Spain,Wholesale
C01886,Customer 01886,Germany,Industrial
C01887,Customer 01887,Spain,Retail
C01888,Customer 01888,France,Retail
C01889,Customer 01889,Brazil,Wholesale
C01890,Customer 01890,France,Wholesale
C01891,Customer 01891,Germany,Retail
C01892,Customer 01892,Germany,Wholesale
C01893,Customer 01893,Netherlands,Retail
C01894,Customer 01894,Italy,Wholesale
C01895,Customer 01895,Brazil,Retail
C01896,Customer 01896,Netherlands,Retail
C01897,Customer 01897,Spain,Retail
C01898,Customer 01898,Netherlands,Wholesale
C01899,Customer 01899,Italy,Retail
C01900,Customer 01900,France,Wholesale
C01901,Customer 01901,Spain,Wholesale
C01902,Customer 01902,Spain,Wholesale
C01903,Customer 01903,Italy,Retail
C01904,Customer 01904,Germany,Retail
C01905,Customer 01905,Germany,Retail
C01906,Customer 01906,Germany,Wholesale
C01907,Customer 01907,Germany,Industrial
C01908,Customer 01908,Brazil,Retail
C01909,Customer 01909,Brazil,Industrial
C01910,Customer 01910,Netherlands,Retail
C01911,Customer 01911,Brazil,Retail
C01912,Customer 01912,Netherlands,Retail
C01913,Customer 01913,Brazil,Wholesale
C01914,Customer 01914,Italy,Retail
C01915,Customer 01915,Germany,Retail
C01916,Customer 01916,Spain,Wholesale
C01917,Customer 01917,Germany,Retail
C01918,Customer 01918,France,Retail
C01919,Customer 01919,France,Retail
C01920,Customer 01920,Spain,Retail
C01921,Customer 01921,France,Retail
C01922,Customer 01922,Spain,Retail
C01923,Customer 01923,Italy,Wholesale
C01924,Customer 01924,France,Retail
C01925,Customer 01925,France,Wholesale
C01926,Customer 01926,Brazil,Retail
C01927,Customer 01927,France,Retail
C01928,Customer 01928,Brazil,Retail
C01929,Customer 01929,Germany,Retail
C01930,Customer 01930,Netherlands,Retail
C01931,Customer 01931,Brazil,Retail
C01932,Customer 01932,France,Industrial
C01933,Customer 01933,Netherlands,Wholesale
C01934,Customer 01934,Netherlands,Retail
C01935,Customer 01935,Brazil,Wholesale
C01936,Customer 01936,Brazil,Wholesale
C01937,Customer 01937,France,Wholesale
C01938,Customer 01938,Spain,Retail
C01939,Customer 01939,Netherlands,Retail
C01940,Customer 01940,Germany,Retail
C01941,Customer 01941,Brazil,Retail
C01942,Customer 01942,Germany,Retail
C01943,Customer 01943,Netherlands,Industrial
C01944,Customer 01944,Brazil,Industrial
C01945,Customer 01945,France,Retail
C01946,Customer 01946,Brazil,Retail
C01947,Customer 01947,Brazil,Retail
C01948,Customer 01948,Netherlands,Retail
C01949,Customer 01949,Brazil,Wholesale
C01950,Customer 01950,Germany,Retail
C01951,Customer 01951,Netherlands,Wholesale
C01952,Customer 01952,Spain,Industrial
C01953,Customer 01953,Brazil,Wholesale
C01954,Customer 01954,France,Wholesale
C01955,Customer 01955,Netherlands,Retail
C01956,Customer 01956,France,Retail
C01957,Customer 01957,Spain,Retail
C01958,Customer 01958,Spain,Wholesale
C01959,Customer 01959,Spain,Retail
C01960,Customer 01960,Germany,Wholesale
C01961,Customer 01961,Netherlands,Retail
C01962,Customer 01962,Netherlands,Retail
C01963,Customer 01963,Brazil,Retail
C01964,Customer 01964,Italy,Industrial
C01965,Customer 01965,Italy,Retail
C01966,Customer 01966,Italy,Retail
C01967,Customer 01967,France,Retail
C01968,Customer 01968,France,Wholesale
C01969,Customer 01969,Netherlands,Industrial
C01970,Customer 01970,Brazil,Retail
C01971,Customer 01971,Italy,Industrial
C01972,Customer 01972,Netherlands,Retail
C01973,Customer 01973,Italy,Wholesale
C01974,Customer 01974,France,Retail
C01975,Customer 01975,Spain,Retail
C01976,Customer 01976,Brazil,Wholesale
C01977,Customer 01977,Netherlands,Retail
C01978,Customer 01978,France,Retail
C01979,Customer 01979,Brazil,Wholesale
C01980,Customer 01980,Italy,Industrial
C01981,Customer 01981,Spain,Retail
C01982,Customer 01982,Spain,Wholesale
C01983,Customer 01983,Brazil,Wholesale
C01984,Customer 01984,Italy,Retail
C01985,Customer 01985,Spain,Industrial
C01986,Customer 01986,Italy,Retail
C01987,Customer 01987,Italy,Wholesale
C01988,Customer 01988,Germany,Retail
C01989,Customer 01989,Germany,Retail
C01990,Customer 01990,Netherlands,Retail
C01991,Customer 01991,Spain,Retail
C01992,Customer 01992,France,Industrial
C01993,Customer 01993,Germany,Industrial
C01994,Customer 01994,Spain,Retail
C01995,Customer 01995,Italy,Retail
C01996,Customer 01996,Brazil,Retail
C01997,Customer 01997,Spain,Retail
C01998,Customer 01998,Netherlands,Retail
C01999,Customer 01999,Germany,Industrial
C02000,Customer 02000,Germany,Wholesale
C02001,Customer 02001,Netherlands,Retail
C02002,Customer 02002,Brazil,Retail
C02003,Customer 02003,France,Wholesale
C02004,Customer 02004,France,Retail
C02005,Customer 02005,Italy,Retail
C02006,Customer 02006,Brazil,Retail
C02007,Customer 02007,France,Retail
C02008,Customer 02008,Brazil,Retail
C02009,Customer 02009,Italy,Wholesale
C02010,Customer 02010,Spain,Retail
C02011,Customer 02011,France,Wholesale
C02012,Customer 02012,France,Retail
C02013,Customer 02013,Brazil,Industrial
C02014,Customer 02014,Netherlands,Retail
C02015,Customer 02015,Spain,Retail
C02016,Customer 02016,Germany,Retail
C02017,Customer 02017,France,Retail
C02018,Customer 02018,Italy,Retail
C02019,Customer 02019,Italy,Wholesale
C02020,Customer 02020,France,Retail
C02021,Customer 02021,Germany,Retail
C02022,Customer 02022,Spain,Retail
C02023,Customer 02023,Spain,Wholesale
C02024,Customer 02024,Spain,Industrial
C02025,Customer 02025,Brazil,Wholesale
C02026,Customer 02026,France,Wholesale
C02027,Customer 02027,Spain,Wholesale
C02028,Customer 02028,Netherlands,Wholesale
C02029,Customer 02029,Spain,Retail
C02030,Customer 02030,France,Wholesale
C02031,Customer 02031,Spain,Wholesale
C02032,Customer 02032,Germany,Retail
C02033,Customer 02033,Brazil,Wholesale
C02034,Customer 02034,Italy,Retail
C02035,Customer 02035,Netherlands,Retail
C02036,Customer 02036,Netherlands,Retail
C02037,Customer 02037,Spain,Wholesale
C02038,Customer 02038,Brazil,Industrial
C02039,Customer 02039,Netherlands,Retail
C02040,Customer 02040,France,Retail
C02041,Customer 02041,Germany,Retail
C02042,Customer 02042,Netherlands,Retail
C02043,Customer 02043,Italy,Industrial
C02044,Customer 02044,Italy,Retail
C02045,Customer 02045,Germany,Retail
C02046,Customer 02046,Netherlands,Retail
C02047,Customer 02047,France,Industrial
C02048,Customer 02048,Spain,Retail
C02049,Customer 02049,Italy,Wholesale
C02050,Customer 02050,Spain,Retail
C02051,Customer 02051,Germany,Retail
C02052,Customer 02052,Germany,Wholesale
C02053,Customer 02053,France,Retail
C02054,Customer 02054,Netherlands,Wholesale
C02055,Customer 02055,Italy,Retail
C02056,Customer 02056,France,Wholesale
C02057,Customer 02057,Italy,Wholesale
C02058,Customer 02058,Italy,Wholesale
C02059,Customer 02059,France,Retail
C02060,Customer 02060,France,Wholesale
C02061,Customer 02061,Netherlands,Industrial
C02062,Customer 02062,Spain,Retail
C02063,Customer 02063,Brazil,Retail
C02064,Customer 02064,Italy,Wholesale
C02065,Customer 02065,Spain,Retail
C02066,Customer 02066,Spain,Wholesale
C02067,Customer 02067,Italy,Wholesale
C02068,Customer 02068,Netherlands,Retail
C02069,Customer 02069,Germany,Wholesale
C02070,Customer 02070,France,Wholesale
C02071,Customer 02071,Germany,Retail
C02072,Customer 02072,Spain,Industrial
C02073,Customer 02073,France,Retail
C02074,Customer 02074,France,Retail
C02075,Customer 02075,Italy,Wholesale
C02076,Customer 02076,France,Retail
C02077,Customer 02077,France,Wholesale
C02078,Customer 02078,France,Retail
C02079,Customer 02079,Germany,Retail
C02080,Customer 02080,Brazil,Retail
C02081,Customer 02081,Italy,Wholesale
C02082,Customer 02082,Brazil,Wholesale
C02083,Customer 02083,Germany,Wholesale
C02084,Customer 02084,Italy,Industrial
C02085,Customer 02085,Brazil,Wholesale
C02086,Customer 02086,Spain,Wholesale
C02087,Customer 02087,Italy,Retail
C02088,Customer 02088,Spain,Industrial
C02089,Customer 02089,Germany,Wholesale
C02090,Customer 02090,Brazil,Industrial
C02091,Customer 02091,Netherlands,Retail
C02092,Customer 02092,Germany,Retail
C02093,Customer 02093,Italy,Wholesale
C02094,Customer 02094,Germany,Retail
C02095,Customer 02095,Brazil,Retail
C02096,Customer 02096,Italy,Industrial
C02097,Customer 02097,Netherlands,Retail
C02098,Customer 02098,Netherlands,Retail
C02099,Customer 02099,Italy,Retail
C02100,Customer 02100,Germany,Retail
C02101,Customer 02101,Netherlands,Wholesale
C02102,Customer 02102,Italy,Industrial
C02103,Customer 02103,Germany,Industrial
C02104,Customer 02104,Brazil,Wholesale
C02105,Customer 02105,Netherlands,Wholesale
C02106,Customer 02106,Germany,Retail
C02107,Customer 02107,Italy,Industrial
C02108,Customer 02108,Brazil,Retail
C02109,Customer 02109,Germany,Retail
C02110,Customer 02110,Germany,Industrial
C02111,Customer 02111,Germany,Industrial
C02112,Customer 02112,Italy,Retail
C02113,Customer 02113,Netherlands,Wholesale
C02114,Customer 02114,Netherlands,Retail
C02115,Customer 02115,Italy,Retail
C02116,Customer 02116,Germany,Retail
C02117,Customer 02117,Netherlands,Retail
C02118,Customer 02118,Spain,Retail
C02119,Customer 02119,Spain,Retail
C02120,Customer 02120,Italy,Retail
C02121,Customer 02121,Italy,Retail
C02122,Customer 02122,Netherlands,Industrial
C02123,Customer 02123,Spain,Wholesale
C02124,Customer 02124,Spain,Industrial
C02125,Customer 02125,Italy,Retail
C02126,Customer 02126,Germany,Wholesale
C02127,Customer 02127,Germany,Wholesale
C02128,Customer 02128,Spain,Retail
C02129,Customer 02129,Brazil,Retail
C02130,Customer 02130,Germany,Retail
C02131,Customer 02131,Italy,Retail
C02132,Customer 02132,Netherlands,Retail
C02133,Customer 02133,Spain,Retail
C02134,Customer 02134,France,Retail
C02135,Customer 02135,France,Wholesale
C02136,Customer 02136,Italy,Retail
C02137,Customer 02137,Spain,Retail
C02138,Customer 02138,Brazil,Wholesale
C02139,Customer 02139,Spain,Retail
C02140,Customer 02140,France,Retail
C02141,Customer 02141,Italy,Retail
C02142,Customer 02142,Netherlands,Retail
C02143,Customer 02143,Netherlands,Retail
C02144,Customer 02144,Spain,Retail
C02145,Customer 02145,France,Retail
C02146,Customer 02146,France,Industrial
C02147,Customer 02147,Germany,Industrial
C02148,Customer 02148,Netherlands,Retail
C02149,Customer 02149,Netherlands,Retail
C02150,Customer 02150,Netherlands,Retail
C02151,Customer 02151,Germany,Wholesale
C02152,Customer 02152,Germany,Wholesale
C02153,Customer 02153,Netherlands,Retail
C02154,Customer 02154,Spain,Retail
C02155,Customer 02155,Italy,Retail
C02156,Customer 02156,France,Industrial
C02157,Customer 02157,France,Industrial
C02158,Customer 02158,Spain,Retail
C02159,Customer 02159,Italy,Wholesale
C02160,Customer 02160,France,Retail
C02161,Customer 02161,Italy,Wholesale
C02162,Customer 02162,Germany,Industrial
C02163,Customer 02163,France,Retail
C02164,Customer 02164,Netherlands,Retail
C02165,Customer 02165,Netherlands,Wholesale
C02166,Customer 02166,Netherlands,Retail
C02167,Customer 02167,Germany,Wholesale
C02168,Customer 02168,Netherlands,Retail
C02169,Customer 02169,Netherlands,Industrial
C02170,Customer 02170,Netherlands,Retail
C02171,Customer 02171,Brazil,Retail
C02172,Customer 02172,Italy,Retail
C02173,Customer 02173,Netherlands,Retail
C02174,Customer 02174,Italy,Retail
C02175,Customer 02175,Germany,Wholesale
C02176,Customer 02176,Italy,Retail
C02177,Customer 02177,Brazil,Retail
C02178,Customer 02178,France,Retail
C02179,Customer 02179,Spain,Retail
C02180,Customer 02180,France,Industrial
C02181,Customer 02181,Italy,Industrial
C02182,Customer 02182,Germany,Retail
C02183,Customer 02183,Spain,Wholesale
C02184,Customer 02184,Spain,Wholesale
C02185,Customer 02185,Spain,Industrial
C02186,Customer 02186,Germany,Retail
C02187,Customer 02187,Germany,Retail
C02188,Customer 02188,Germany,Retail
C02189,Customer 02189,France,Industrial
C02190,Customer 02190,Spain,Wholesale
C02191,Customer 02191,France,Retail
C02192,Customer 02192,France,Retail
C02193,Customer 02193,Germany,Wholesale
C02194,Customer 02194,Germany,Industrial
C02195,Customer 02195,Spain,Retail
C02196,Customer 02196,Italy,Wholesale
C02197,Customer 02197,Germany,Retail
C02198,Customer 02198,Netherlands,Retail
C02199,Customer 02199,Spain,Retail
C02200,Customer 02200,Germany,Wholesale
C02201,Customer 02201,France,Industrial
C02202,Customer 02202,Brazil,Retail
C02203,Customer 02203,Brazil,Retail
C02204,Customer 02204,France,Retail
C02205,Customer 02205,France,Retail
C02206,Customer 02206,Italy,Retail
C02207,Customer 02207,Brazil,Retail
C02208,Customer 02208,Netherlands,Retail
C02209,Customer 02209,Germany,Retail
C02210,Customer 02210,Brazil,Retail
C02211,Customer 02211,Italy,Wholesale
C02212,Customer 02212,Italy,Retail
C02213,Customer 02213,Spain,Wholesale
C02214,Customer 02214,Brazil,Industrial
C02215,Customer 02215,Brazil,Wholesale
C02216,Customer 02216,France,Retail
C02217,Customer 02217,France,Retail
C02218,Customer 02218,Netherlands,Wholesale
C02219,Customer 02219,Germany,Retail
C02220,Customer 02220,Germany,Retail
C02221,Customer 02221,Netherlands,Retail
C02222,Customer 02222,Brazil,Retail
C02223,Customer 02223,Brazil,Retail
C02224,Customer 02224,France,Wholesale
C02225,Customer 02225,France,Retail
C02226,Customer 02226,Spain,Retail
C02227,Customer 02227,Netherlands,Wholesale
C02228,Customer 02228,Netherlands,Retail
C02229,Customer 02229,Germany,Wholesale
C02230,Customer 02230,Netherlands,Retail
C02231,Customer 02231,Spain,Retail
C02232,Customer 02232,Brazil,Industrial
C02233,Customer 02233,Netherlands,Retail
C02234,Customer 02234,Brazil,Retail
C02235,Customer 02235,Spain,Industrial
C02236,Customer 02236,Italy,Wholesale
C02237,Customer 02237,Germany,Wholesale
C02238,Customer 02238,Germany,Retail
C02239,Customer 02239,France,Retail
C02240,Customer 02240,Netherlands,Wholesale
C02241,Customer 02241,Germany,Retail
C02242,Customer 02242,Spain,Retail
C02243,Customer 02243,France,Wholesale
C02244,Customer 02244,Brazil,Retail
C02245,Customer 02245,Italy,Retail
C02246,Customer 02246,Italy,Retail
C02247,Customer 02247,Spain,Retail
C02248,Customer 02248,Germany,Wholesale
C02249,Customer 02249,Brazil,Industrial
C02250,Customer 02250,France,Retail
C02251,Customer 02251,Spain,Retail
C02252,Customer 02252,Spain,Retail
C02253,Customer 02253,Germany,Retail
C02254,Customer 02254,Spain,Retail
C02255,Customer 02255,Germany,Industrial
C02256,Customer 02256,Italy,Retail
C02257,Customer 02257,Italy,Retail
C02258,Customer 02258,Spain,Industrial
C02259,Customer 02259,Brazil,Retail
C02260,Customer 02260,Netherlands,Industrial
C02261,Customer 02261,Brazil,Retail
C02262,Customer 02262,Netherlands,Retail
C02263,Customer 02263,Brazil,Industrial
C02264,Customer 02264,Spain,Retail
C02265,Customer 02265,Brazil,Retail
C02266,Customer 02266,Brazil,Retail
C02267,Customer 02267,Italy,Wholesale
C02268,Customer 02268,Italy,Wholesale
C02269,Customer 02269,Brazil,Retail
C02270,Customer 02270,Netherlands,Wholesale
C02271,Customer 02271,Germany,Wholesale
C02272,Customer 02272,Germany,Retail
C02273,Customer 02273,Germany,Retail
C02274,Customer 02274,France,Retail
C02275,Customer 02275,Germany,Retail
C02276,Customer 02276,France,Retail
C02277,Customer 02277,Germany,Retail
C02278,Customer 02278,Brazil,Retail
C02279,Customer 02279,France,Retail
C02280,Customer 02280,Italy,Wholesale
C02281,Customer 02281,Italy,Retail
C02282,Customer 02282,France,Industrial
C02283,Customer 02283,Germany,Industrial
C02284,Customer 02284,Italy,Wholesale
C02285,Customer 02285,Italy,Industrial
C02286,Customer 02286,Italy,Industrial
C02287,Customer 02287,Netherlands,Retail
C02288,Customer 02288,Italy,Wholesale
C02289,Customer 02289,Netherlands,Retail
C02290,Customer 02290,France,Wholesale
C02291,Customer 02291,France,Retail
C02292,Customer 02292,Germany,Retail
C02293,Customer 02293,Germany,Retail
C02294,Customer 02294,Italy,Industrial
C02295,Customer 02295,Italy,Retail
C02296,Customer 02296,Italy,Retail
C02297,Customer 02297,Germany,Retail
C02298,Customer 02298,France,Retail
C02299,Customer 02299,Germany,Wholesale
C02300,Customer 02300,Netherlands,Wholesale
C02301,Customer 02301,Germany,Retail
C02302,Customer 02302,Brazil,Retail
C02303,Customer 02303,Spain,Retail
C02304,Customer 02304,Netherlands,Retail
C02305,Customer 02305,Netherlands,Wholesale
C02306,Customer 02306,Brazil,Wholesale
C02307,Customer 02307,Germany,Retail
C02308,Customer 02308,Brazil,Wholesale
C02309,Customer 02309,Germany,Retail
C02310,Customer 02310,Spain,Wholesale
C02311,Customer 02311,Germany,Retail
C02312,Customer 02312,Brazil,Wholesale
C02313,Customer 02313,Spain,Retail
C02314,Customer 02314,Brazil,Industrial
C02315,Customer 02315,Germany,Retail
C02316,Customer 02316,Brazil,Retail
C02317,Customer 02317,Brazil,Retail
C02318,Customer 02318,France,Retail
C02319,Customer 02319,Netherlands,Retail
C02320,Customer 02320,Italy,Wholesale
C02321,Customer 02321,Brazil,Wholesale
C02322,Customer 02322,Brazil,Retail
C02323,Customer 02323,France,Wholesale
C02324,Customer 02324,Spain,Wholesale
C02325,Customer 02325,Italy,Retail
C02326,Customer 02326,Italy,Retail
C02327,Customer 02327,France,Retail
C02328,Customer 02328,Germany,Retail
C02329,Customer 02329,Brazil,Wholesale
C02330,Customer 02330,Brazil,Industrial
C02331,Customer 02331,Brazil,Wholesale
C02332,Customer 02332,Netherlands,Retail
C02333,Customer 02333,Germany,Wholesale
C02334,Customer 02334,Italy,Wholesale
C02335,Customer 02335,Spain,Retail
C02336,Customer 02336,Spain,Wholesale
C02337,Customer 02337,France,Retail
C02338,Customer 02338,Italy,Retail
C02339,Customer 02339,Brazil,Retail
C02340,Customer 02340,Brazil,Retail
C02341,Customer 02341,France,Industrial
C02342,Customer 02342,France,Retail
C02343,Customer 02343,Spain,Retail
C02344,Customer 02344,Italy,Retail
C02345,Customer 02345,Spain,Retail
C02346,Customer 02346,Germany,Retail
C02347,Customer 02347,Germany,Retail
C02348,Customer 02348,Italy,Wholesale
C02349,Customer 02349,Germany,Retail
C02350,Customer 02350,Spain,Wholesale
C02351,Customer 02351,Spain,Retail
C02352,Customer 02352,Italy,Wholesale
C02353,Customer 02353,Italy,Wholesale
C02354,Customer 02354,France,Retail
C02355,Customer 02355,Germany,Retail
C02356,Customer 02356,France,Industrial
C02357,Customer 02357,France,Retail
C02358,Customer 02358,Germany,Wholesale
C02359,Customer 02359,Spain,Retail
C02360,Customer 02360,Germany,Retail
C02361,Customer 02361,Spain,Retail
C02362,Customer 02362,Italy,Industrial
C02363,Customer 02363,Netherlands,Retail
C02364,Customer 02364,Brazil,Wholesale
C02365,Customer 02365,Italy,Wholesale
C02366,Customer 02366,Brazil,Retail
C02367,Customer 02367,France,Retail
C02368,Customer 02368,Germany,Retail
C02369,Customer 02369,Brazil,Retail
C02370,Customer 02370,Germany,Wholesale
C02371,Customer 02371,Brazil,Retail
C02372,Customer 02372,Italy,Retail
C02373,Customer 02373,Brazil,Wholesale
C02374,Customer 02374,France,Wholesale
C02375,Customer 02375,Italy,Retail
C02376,Customer 02376,Netherlands,Wholesale
C02377,Customer 02377,Netherlands,Retail
C02378,Customer 02378,Brazil,Wholesale
C02379,Customer 02379,Netherlands,Retail
C02380,Customer 02380,Spain,Retail
C02381,Customer 02381,Germany,Retail
C02382,Customer 02382,France,Wholesale
C02383,Customer 02383,Netherlands,Wholesale
C02384,Customer 02384,France,Retail
C02385,Customer 02385,Germany,Industrial
C02386,Customer 02386,Netherlands,Wholesale
C02387,Customer 02387,Netherlands,Retail
C02388,Customer 02388,Netherlands,Wholesale
C02389,Customer 02389,Netherlands,Retail
C02390,Customer 02390,Netherlands,Industrial
C02391,Customer 02391,France,Retail
C02392,Customer 02392,Germany,Retail
C02393,Customer 02393,Spain,Retail
C02394,Customer 02394,Germany,Retail
C02395,Customer 02395,France,Wholesale
C02396,Customer 02396,Spain,Retail
C02397,Customer 02397,Netherlands,Retail
C02398,Customer 02398,Germany,Retail
C02399,Customer 02399,Germany,Industrial
C02400,Customer 02400,Italy,Wholesale
C02401,Customer 02401,Brazil,Retail
C02402,Customer 02402,Spain,Retail
C02403,Customer 02403,Italy,Retail
C02404,Customer 02404,Spain,Industrial
C02405,Customer 02405,France,Wholesale
C02406,Customer 02406,Italy,Wholesale
C02407,Customer 02407,France,Industrial
C02408,Customer 02408,Italy,Retail
C02409,Customer 02409,France,Wholesale
C02410,Customer 02410,Brazil,Retail
C02411,Customer 02411,Spain,Retail
C02412,Customer 02412,Brazil,Retail
C02413,Customer 02413,Netherlands,Retail
C02414,Customer 02414,Spain,Industrial
C02415,Customer 02415,France,Retail
C02416,Customer 02416,France,Wholesale
C02417,Customer 02417,Spain,Wholesale
C02418,Customer 02418,Germany,Wholesale
C02419,Customer 02419,Germany,Industrial
C02420,Customer 02420,France,Retail
C02421,Customer 02421,Germany,Retail
C02422,Customer 02422,Italy,Retail
C02423,Customer 02423,Brazil,Retail
C02424,Customer 02424,Italy,Industrial
C02425,Customer 02425,France,Retail
C02426,Customer 02426,Spain,Retail
C02427,Customer 02427,Brazil,Retail
C02428,Customer 02428,France,Retail
C02429,Customer 02429,Italy,Wholesale
C02430,Customer 02430,Germany,Retail
C02431,Customer 02431,Brazil,Wholesale
C02432,Customer 02432,Spain,Wholesale
C02433,Customer 02433,Brazil,Wholesale
C02434,Customer 02434,Germany,Retail
C02435,Customer 02435,France,Wholesale
C02436,Customer 02436,Spain,Retail
C02437,Customer 02437,Spain,Retail
C02438,Customer 02438,Italy,Wholesale
C02439,Customer 02439,Netherlands,Wholesale
C02440,Customer 02440,Brazil,Retail
C02441,Customer 02441,France,Industrial
C02442,Customer 02442,Brazil,Retail
C02443,Customer 02443,Brazil,Wholesale
C02444,Customer 02444,Germany,Industrial
C02445,Customer 02445,Spain,Retail
C02446,Customer 02446,Netherlands,Wholesale
C02447,Customer 02447,Italy,Wholesale
C02448,Customer 02448,Spain,Wholesale
C02449,Customer 02449,Italy,Wholesale
C02450,Customer 02450,Germany,Wholesale
C02451,Customer 02451,Netherlands,Retail
C02452,Customer 02452,Netherlands,Wholesale
C02453,Customer 02453,Brazil,Retail
C02454,Customer 02454,France,Industrial
C02455,Customer 02455,Italy,Retail
C02456,Customer 02456,France,Retail
C02457,Customer 02457,Netherlands,Industrial
C02458,Customer 02458,Netherlands,Retail
C02459,Customer 02459,France,Retail
C02460,Customer 02460,Brazil,Wholesale
C02461,Customer 02461,France,Retail
C02462,Customer 02462,Germany,Retail
C02463,Customer 02463,France,Retail
C02464,Customer 02464,Spain,Retail
C02465,Customer 02465,France,Retail
C02466,Customer 02466,Germany,Retail
C02467,Customer 02467,Germany,Retail
C02468,Customer 02468,Italy,Retail
C02469,Customer 02469,Brazil,Retail
C02470,Customer 02470,Germany,Wholesale
C02471,Customer 02471,Netherlands,Wholesale
C02472,Customer 02472,Brazil,Retail
C02473,Customer 02473,France,Retail
C02474,Customer 02474,Germany,Industrial
C02475,Customer 02475,Brazil,Wholesale
C02476,Customer 02476,France,Retail
C02477,Customer 02477,Spain,Retail
C02478,Customer 02478,Germany,Retail
C02479,Customer 02479,Brazil,Wholesale
C02480,Customer 02480,Brazil,Industrial
C02481,Customer 02481,Spain,Industrial
C02482,Customer 02482,Netherlands,Retail
C02483,Customer 02483,Germany,Retail
C02484,Customer 02484,Germany,Retail
C02485,Customer 02485,France,Retail
C02486,Customer 02486,France,Retail
C02487,Customer 02487,Germany,Wholesale
C02488,Customer 02488,Brazil,Retail
C02489,Customer 02489,Spain,Industrial
C02490,Customer 02490,France,Retail
C02491,Customer 02491,France,Retail
C02492,Customer 02492,Germany,Industrial
C02493,Customer 02493,Netherlands,Wholesale
C02494,Customer 02494,Spain,Retail
C02495,Customer 02495,France,Wholesale
C02496,Customer 02496,Germany,Retail
C02497,Customer 02497,Italy,Retail
C02498,Customer 02498,Netherlands,Retail
C02499,Customer 02499,Brazil,Retail
C02500,Customer 02500,Netherlands,Wholesale
C02501,Customer 02501,Italy,Retail
C02502,Customer 02502,Brazil,Wholesale
C02503,Customer 02503,Italy,Wholesale
C02504,Customer 02504,Brazil,Retail
C02505,Customer 02505,Brazil,Retail
C02506,Customer 02506,Brazil,Retail
C02507,Customer 02507,France,Wholesale
C02508,Customer 02508,Spain,Wholesale
C02509,Customer 02509,France,Wholesale
C02510,Customer 02510,Brazil,Retail
C02511,Customer 02511,Germany,Retail
C02512,Customer 02512,Netherlands,Retail
C02513,Customer 02513,Netherlands,Retail
C02514,Customer 02514,Italy,Wholesale
C02515,Customer 02515,Brazil,Retail
C02516,Customer 02516,Italy,Retail
C02517,Customer 02517,Italy,Retail
C02518,Customer 02518,Spain,Retail
C02519,Customer 02519,Brazil,Wholesale
C02520,Customer 02520,Netherlands,Retail
C02521,Customer 02521,France,Industrial
C02522,Customer 02522,Brazil,Wholesale
C02523,Customer 02523,Germany,Industrial
C02524,Customer 02524,France,Wholesale
C02525,Customer 02525,Brazil,Wholesale
C02526,Customer 02526,Germany,Wholesale
C02527,Customer 02527,France,Retail
C02528,Customer 02528,Netherlands,Retail
C02529,Customer 02529,Brazil,Wholesale
C02530,Customer 02530,Spain,Retail
C02531,Customer 02531,Netherlands,Retail
C02532,Customer 02532,Italy,Industrial
C02533,Customer 02533,Netherlands,Retail
C02534,Customer 02534,Germany,Retail
C02535,Customer 02535,Italy,Wholesale
C02536,Customer 02536,Netherlands,Retail
C02537,Customer 02537,Germany,Industrial
C02538,Customer 02538,France,Retail
C02539,Customer 02539,Spain,Industrial
C02540,Customer 02540,France,Wholesale
C02541,Customer 02541,Germany,Retail
C02542,Customer 02542,Netherlands,Retail
C02543,Customer 02543,Netherlands,Retail
C02544,Customer 02544,France,Retail
C02545,Customer 02545,Italy,Retail
C02546,Customer 02546,France,Industrial
C02547,Customer 02547,Italy,Retail
C02548,Customer 02548,Spain,Wholesale
C02549,Customer 02549,France,Retail
C02550,Customer 02550,Brazil,Industrial
C02551,Customer 02551,Spain,Retail
C02552,Customer 02552,Germany,Retail
C02553,Customer 02553,Germany,Wholesale
C02554,Customer 02554,Germany,Retail
C02555,Customer 02555,Netherlands,Wholesale
C02556,Customer 02556,Brazil,Retail
C02557,Customer 02557,Italy,Retail
C02558,Customer 02558,Netherlands,Retail
C02559,Customer 02559,Brazil,Wholesale
C02560,Customer 02560,Spain,Retail
C02561,Customer 02561,Spain,Retail
C02562,Customer 02562,France,Retail
C02563,Customer 02563,Italy,Retail
C02564,Customer 02564,France,Retail
C02565,Customer 02565,France,Industrial
C02566,Customer 02566,France,Retail
C02567,Customer 02567,Italy,Wholesale
C02568,Customer 02568,Spain,Retail
C02569,Customer 02569,France,Retail
C02570,Customer 02570,Netherlands,Retail
C02571,Customer 02571,Italy,Retail
C02572,Customer 02572,Netherlands,Retail
C02573,Customer 02573,Italy,Retail
C02574,Customer 02574,France,Retail
C02575,Customer 02575,Italy,Industrial
C02576,Customer 02576,Germany,Retail
C02577,Customer 02577,Germany,Retail
C02578,Customer 02578,France,Retail
C02579,Customer 02579,Netherlands,Retail
C02580,Customer 02580,Spain,Wholesale
C02581,Customer 02581,France,Retail
C02582,Customer 02582,France,Wholesale
C02583,Customer 02583,Germany,Retail
C02584,Customer 02584,Spain,Retail
C02585,Customer 02585,France,Industrial
C02586,Customer 02586,Spain,Retail
C02587,Customer 02587,France,Wholesale
C02588,Customer 02588,Germany,Retail
C02589,Customer 02589,Netherlands,Industrial
C02590,Customer 02590,France,Retail
C02591,Customer 02591,Brazil,Retail
C02592,Customer 02592,France,Wholesale
C02593,Customer 02593,Spain,Retail
C02594,Customer 02594,Brazil,Retail
C02595,Customer 02595,Germany,Industrial
C02596,Customer 02596,Brazil,Wholesale
C02597,Customer 02597,Spain,Wholesale
C02598,Customer 02598,Italy,Wholesale
C02599,Customer 02599,Netherlands,Wholesale
C02600,Customer 02600,France,Industrial
C02601,Customer 02601,Netherlands,Wholesale
C02602,Customer 02602,Germany,Retail
C02603,Customer 02603,Italy,Retail
C02604,Customer 02604,Spain,Wholesale
C02605,Customer 02605,Italy,Wholesale
C02606,Customer 02606,Italy,Retail
C02607,Customer 02607,Spain,Retail
C02608,Customer 02608,Germany,Retail
C02609,Customer 02609,Spain,Retail
C02610,Customer 02610,Italy,Wholesale
C02611,Customer 02611,Netherlands,Retail
C02612,Customer 02612,Netherlands,Wholesale
C02613,Customer 02613,Germany,Wholesale
C02614,Customer 02614,Spain,Industrial
C02615,Customer 02615,Brazil,Retail
C02616,Customer 02616,Italy,Industrial
C02617,Customer 02617,Netherlands,Wholesale
C02618,Customer 02618,Brazil,Wholesale
C02619,Customer 02619,Spain,Retail
C02620,Customer 02620,Netherlands,Retail
C02621,Customer 02621,Netherlands,Wholesale
C02622,Customer 02622,France,Retail
C02623,Customer 02623,Brazil,Retail
C02624,Customer 02624,Netherlands,Wholesale
C02625,Customer 02625,Netherlands,Wholesale
C02626,Customer 02626,Spain,Retail
C02627,Customer 02627,Netherlands,Retail
C02628,Customer 02628,Brazil,Retail
C02629,Customer 02629,Spain,Industrial
C02630,Customer 02630,Brazil,Industrial
C02631,Customer 02631,Netherlands,Retail
C02632,Customer 02632,Italy,Retail
C02633,Customer 02633,Netherlands,Retail
C02634,Customer 02634,Spain,Retail
C02635,Customer 02635,Brazil,Industrial
C02636,Customer 02636,Brazil,Retail
C02637,Customer 02637,France,Retail
C02638,Customer 02638,Italy,Retail
C02639,Customer 02639,Brazil,Retail
C02640,Customer 02640,Netherlands,Wholesale
C02641,Customer 02641,Germany,Wholesale
C02642,Customer 02642,France,Wholesale
C02643,Customer 02643,Germany,Retail
C02644,Customer 02644,France,Industrial
C02645,Customer 02645,France,Retail
C02646,Customer 02646,Brazil,Wholesale
C02647,Customer 02647,Spain,Industrial
C02648,Customer 02648,Italy,Retail
C02649,Customer 02649,Netherlands,Industrial
C02650,Customer 02650,Germany,Retail
C02651,Customer 02651,Netherlands,Wholesale
C02652,Customer 02652,Netherlands,Retail
C02653,Customer 02653,Netherlands,Retail
C02654,Customer 02654,France,Retail
C02655,Customer 02655,Netherlands,Retail
C02656,Customer 02656,Spain,Retail
C02657,Customer 02657,Brazil,Retail
C02658,Customer 02658,Germany,Wholesale
C02659,Customer 02659,Italy,Retail
C02660,Customer 02660,Brazil,Retail
C02661,Customer 02661,France,Industrial
C02662,Customer 02662,Italy,Industrial
C02663,Customer 02663,Brazil,Retail
C02664,Customer 02664,France,Retail
C02665,Customer 02665,Germany,Wholesale
C02666,Customer 02666,Spain,Wholesale
C02667,Customer 02667,Germany,Retail
C02668,Customer 02668,Netherlands,Wholesale
C02669,Customer 02669,Brazil,Retail
C02670,Customer 02670,Netherlands,Retail
C02671,Customer 02671,Italy,Wholesale
C02672,Customer 02672,Netherlands,Wholesale
C02673,Customer 02673,Netherlands,Wholesale
C02674,Customer 02674,Germany,Retail
C02675,Customer 02675,Netherlands,Retail
C02676,Customer 02676,Spain,Retail
C02677,Customer 02677,Netherlands,Retail
C02678,Customer 02678,Netherlands,Retail
C02679,Customer 02679,Spain,Retail
C02680,Customer 02680,France,Retail
C02681,Customer 02681,Brazil,Wholesale
C02682,Customer 02682,Brazil,Retail
C02683,Customer 02683,France,Retail
C02684,Customer 02684,Italy,Wholesale
C02685,Customer 02685,Spain,Retail
C02686,Customer 02686,France,Industrial
C02687,Customer 02687,Germany,Retail
C02688,Customer 02688,Spain,Retail
C02689,Customer 02689,Spain,Industrial
C02690,Customer 02690,Netherlands,Wholesale
C02691,Customer 02691,Italy,Wholesale
C02692,Customer 02692,Spain,Wholesale
C02693,Customer 02693,Netherlands,Retail
C02694,Customer 02694,France,Wholesale
C02695,Customer 02695,Netherlands,Industrial
C02696,Customer 02696,France,Industrial
C02697,Customer 02697,Brazil,Retail
C02698,Customer 02698,France,Retail
C02699,Customer 02699,Brazil,Wholesale
C02700,Customer 02700,Brazil,Retail
C02701,Customer 02701,Netherlands,Retail
C02702,Customer 02702,Italy,Retail
C02703,Customer 02703,Germany,Retail
C02704,Customer 02704,Netherlands,Retail
C02705,Customer 02705,Brazil,Retail
C02706,Customer 02706,Germany,Retail
C02707,Customer 02707,Italy,Retail
C02708,Customer 02708,Germany,Industrial
C02709,Customer 02709,Italy,Retail
C02710,Customer 02710,Netherlands,Retail
C02711,Customer 02711,Brazil,Retail
C02712,Customer 02712,Brazil,Retail
C02713,Customer 02713,Netherlands,Industrial
C02714,Customer 02714,Spain,Industrial
C02715,Customer 02715,Spain,Retail
C02716,Customer 02716,France,Retail
C02717,Customer 02717,France,Retail
C02718,Customer 02718,Italy,Retail
C02719,Customer 02719,Spain,Retail
C02720,Customer 02720,Brazil,Retail
C02721,Customer 02721,Spain,Retail
C02722,Customer 02722,Italy,Wholesale
C02723,Customer 02723,Brazil,Retail
C02724,Customer 02724,France,Retail
C02725,Customer 02725,Italy,Retail
C02726,Customer 02726,Spain,Retail
C02727,Customer 02727,Brazil,Retail
C02728,Customer 02728,Brazil,Retail
C02729,Customer 02729,Spain,Retail
C02730,Customer 02730,France,Retail
C02731,Customer 02731,Netherlands,Wholesale
C02732,Customer 02732,Spain,Industrial
C02733,Customer 02733,Netherlands,Retail
C02734,Customer 02734,Germany,Retail
C02735,Customer 02735,France,Wholesale
C02736,Customer 02736,Brazil,Wholesale
C02737,Customer 02737,Spain,Retail
C02738,Customer 02738,Germany,Retail
C02739,Customer 02739,France,Retail
C02740,Customer 02740,France,Wholesale
C02741,Customer 02741,Germany,Retail
C02742,Customer 02742,Brazil,Retail
C02743,Customer 02743,Spain,Retail
C02744,Customer 02744,Netherlands,Retail
C02745,Customer 02745,Germany,Retail
C02746,Customer 02746,France,Wholesale
C02747,Customer 02747,Germany,Retail
C02748,Customer 02748,Italy,Retail
C02749,Customer 02749,France,Retail
C02750,Customer 02750,Netherlands,Wholesale
C02751,Customer 02751,Germany,Retail
C02752,Customer 02752,Brazil,Retail
C02753,Customer 02753,Spain,Retail
C02754,Customer 02754,Spain,Wholesale
C02755,Customer 02755,Netherlands,Wholesale
C02756,Customer 02756,Netherlands,Industrial
C02757,Customer 02757,Netherlands,Wholesale
C02758,Customer 02758,Spain,Retail
C02759,Customer 02759,France,Retail
C02760,Customer 02760,France,Retail
C02761,Customer 02761,Brazil,Wholesale
C02762,Customer 02762,France,Wholesale
C02763,Customer 02763,France,Retail
C02764,Customer 02764,Brazil,Industrial
C02765,Customer 02765,Germany,Retail
C02766,Customer 02766,Spain,Retail
C02767,Customer 02767,France,Retail
C02768,Customer 02768,Netherlands,Industrial
C02769,Customer 02769,France,Industrial
C02770,Customer 02770,Netherlands,Retail
C02771,Customer 02771,Spain,Industrial
C02772,Customer 02772,Brazil,Industrial
C02773,Customer 02773,Germany,Wholesale
C02774,Customer 02774,Italy,Industrial
C02775,Customer 02775,Spain,Retail
C02776,Customer 02776,Germany,Wholesale
C02777,Customer 02777,Spain,Wholesale
C02778,Customer 02778,Netherlands,Wholesale
C02779,Customer 02779,France,Retail
C02780,Customer 02780,Brazil,Wholesale
C02781,Customer 02781,Germany,Industrial
C02782,Customer 02782,Netherlands,Retail
C02783,Customer 02783,Italy,Industrial
C02784,Customer 02784,Netherlands,Retail
C02785,Customer 02785,Netherlands,Retail
C02786,Customer 02786,Brazil,Retail
C02787,Customer 02787,Germany,Wholesale
C02788,Customer 02788,Brazil,Wholesale
C02789,Customer 02789,Brazil,Retail
C02790,Customer 02790,Netherlands,Wholesale
C02791,Customer 02791,Netherlands,Retail
C02792,Customer 02792,Brazil,Retail
C02793,Customer 02793,Italy,Industrial
C02794,Customer 02794,Spain,Wholesale
C02795,Customer 02795,Brazil,Wholesale
C02796,Customer 02796,Netherlands,Wholesale
C02797,Customer 02797,Netherlands,Industrial
C02798,Customer 02798,Spain,Retail
C02799,Customer 02799,Italy,Retail
C02800,Customer 02800,France,Retail
C02801,Customer 02801,Italy,Wholesale
C02802,Customer 02802,France,Wholesale
C02803,Customer 02803,Netherlands,Wholesale
C02804,Customer 02804,Brazil,Retail
C02805,Customer 02805,Germany,Retail
C02806,Customer 02806,Netherlands,Wholesale
C02807,Customer 02807,Germany,Industrial
C02808,Customer 02808,Germany,Retail
C02809,Customer 02809,Italy,Retail
C02810,Customer 02810,Germany,Retail
C02811,Customer 02811,Spain,Retail
C02812,Customer 02812,Germany,Retail
C02813,Customer 02813,Germany,Retail
C02814,Customer 02814,Netherlands,Wholesale
C02815,Customer 02815,Germany,Retail
C02816,Customer 02816,Brazil,Retail
C02817,Customer 02817,Italy,Retail
C02818,Customer 02818,Netherlands,Industrial
C02819,Customer 02819,Brazil,Retail
C02820,Customer 02820,Italy,Retail
C02821,Customer 02821,Spain,Retail
C02822,Customer 02822,Italy,Wholesale
C02823,Customer 02823,Brazil,Industrial
C02824,Customer 02824,Netherlands,Retail
C02825,Customer 02825,Spain,Retail
C02826,Customer 02826,Netherlands,Retail
C02827,Customer 02827,France,Wholesale
C02828,Customer 02828,Netherlands,Industrial
C02829,Customer 02829,Spain,Retail
C02830,Customer 02830,Brazil,Retail
C02831,Customer 02831,Netherlands,Wholesale
C02832,Customer 02832,Italy,Wholesale
C02833,Customer 02833,Germany,Retail
C02834,Customer 02834,Spain,Retail
C02835,Customer 02835,France,Retail
C02836,Customer 02836,Spain,Wholesale
C02837,Customer 02837,Netherlands,Wholesale
C02838,Customer 02838,Netherlands,Wholesale
C02839,Customer 02839,Germany,Wholesale
C02840,Customer 02840,Netherlands,Retail
C02841,Customer 02841,France,Retail
C02842,Customer 02842,Italy,Retail
C02843,Customer 02843,Italy,Industrial
C02844,Customer 02844,France,Wholesale
C02845,Customer 02845,France,Retail
C02846,Customer 02846,France,Retail
C02847,Customer 02847,Netherlands,Wholesale
C02848,Customer 02848,France,Wholesale
C02849,Customer 02849,Germany,Wholesale
C02850,Customer 02850,France,Retail
C02851,Customer 02851,Germany,Industrial
C02852,Customer 02852,France,Wholesale
C02853,Customer 02853,Brazil,Wholesale
C02854,Customer 02854,Brazil,Wholesale
C02855,Customer 02855,Italy,Industrial
C02856,Customer 02856,Brazil,Industrial
C02857,Customer 02857,Spain,Wholesale
C02858,Customer 02858,Italy,Retail
C02859,Customer 02859,Italy,Retail
C02860,Customer 02860,France,Wholesale
C02861,Customer 02861,Germany,Wholesale
C02862,Customer 02862,Netherlands,Retail
C02863,Customer 02863,Netherlands,Retail
C02864,Customer 02864,Spain,Industrial
C02865,Customer 02865,Brazil,Industrial
C02866,Customer 02866,Brazil,Industrial
C02867,Customer 02867,Germany,Retail
C02868,Customer 02868,Brazil,Wholesale
C02869,Customer 02869,Netherlands,Wholesale
C02870,Customer 02870,Germany,Retail
C02871,Customer 02871,Germany,Retail
C02872,Customer 02872,Netherlands,Industrial
C02873,Customer 02873,Italy,Retail
C02874,Customer 02874,Germany,Wholesale
C02875,Customer 02875,France,Wholesale
C02876,Customer 02876,Spain,Wholesale
C02877,Customer 02877,Spain,Retail
C02878,Customer 02878,Netherlands,Wholesale
C02879,Customer 02879,Netherlands,Retail
C02880,Customer 02880,Netherlands,Wholesale
C02881,Customer 02881,Brazil,Retail
C02882,Customer 02882,Germany,Wholesale
C02883,Customer 02883,Spain,Wholesale
C02884,Customer 02884,Brazil,Retail
C02885,Customer 02885,France,Retail
C02886,Customer 02886,Brazil,Wholesale
C02887,Customer 02887,Netherlands,Retail
C02888,Customer 02888,Brazil,Retail
C02889,Customer 02889,Brazil,Retail
C02890,Customer 02890,Germany,Industrial
C02891,Customer 02891,Brazil,Wholesale
C02892,Customer 02892,Spain,Retail
C02893,Customer 02893,France,Industrial
C02894,Customer 02894,Netherlands,Retail
C02895,Customer 02895,Germany,Retail
C02896,Customer 02896,Spain,Retail
C02897,Customer 02897,Spain,Retail
C02898,Customer 02898,Spain,Retail
C02899,Customer 02899,Italy,Wholesale
C02900,Customer 02900,Germany,Retail
C02901,Customer 02901,Spain,Wholesale
C02902,Customer 02902,Italy,Retail
C02903,Customer 02903,Netherlands,Retail
C02904,Customer 02904,Spain,Retail
C02905,Customer 02905,Spain,Wholesale
C02906,Customer 02906,Netherlands,Wholesale
C02907,Customer 02907,Spain,Retail
C02908,Customer 02908,Netherlands,Retail
C02909,Customer 02909,Brazil,Retail
C02910,Customer 02910,France,Wholesale
C02911,Customer 02911,Brazil,Retail
C02912,Customer 02912,Brazil,Wholesale
C02913,Customer 02913,France,Retail
C02914,Customer 02914,Germany,Retail
C02915,Customer 02915,France,Wholesale
C02916,Customer 02916,France,Retail
C02917,Customer 02917,Spain,Retail
C02918,Customer 02918,Netherlands,Industrial
C02919,Customer 02919,Netherlands,Retail
C02920,Customer 02920,France,Retail
C02921,Customer 02921,Germany,Retail
C02922,Customer 02922,Italy,Retail
C02923,Customer 02923,Brazil,Wholesale
C02924,Customer 02924,Spain,Retail
C02925,Customer 02925,France,Industrial
C02926,Customer 02926,Germany,Wholesale
C02927,Customer 02927,Spain,Industrial
C02928,Customer 02928,Germany,Wholesale
C02929,Customer 02929,Germany,Industrial
C02930,Customer 02930,Spain,Wholesale
C02931,Customer 02931,Germany,Retail
C02932,Customer 02932,Italy,Retail
C02933,Customer 02933,Brazil,Wholesale
C02934,Customer 02934,France,Retail
C02935,Customer 02935,Italy,Wholesale
C02936,Customer 02936,Germany,Retail
C02937,Customer 02937,Italy,Wholesale
C02938,Customer 02938,Italy,Retail
C02939,Customer 02939,Netherlands,Industrial
C02940,Customer 02940,Germany,Retail
C02941,Customer 02941,Italy,Retail
C02942,Customer 02942,Netherlands,Wholesale
C02943,Customer 02943,Italy,Wholesale
C02944,Customer 02944,Germany,Wholesale
C02945,Customer 02945,Italy,Industrial
C02946,Customer 02946,Brazil,Retail
C02947,Customer 02947,Spain,Wholesale
C02948,Customer 02948,France,Retail
C02949,Customer 02949,Spain,Retail
C02950,Customer 02950,Spain,Retail
C02951,Customer 02951,Brazil,Retail
C02952,Customer 02952,Spain,Wholesale
C02953,Customer 02953,Netherlands,Wholesale
C02954,Customer 02954,France,Retail
C02955,Customer 02955,Germany,Industrial
C02956,Customer 02956,Netherlands,Retail
C02957,Customer 02957,Brazil,Retail
C02958,Customer 02958,France,Wholesale
C02959,Customer 02959,Spain,Retail
C02960,Customer 02960,France,Retail
C02961,Customer 02961,Netherlands,Wholesale
C02962,Customer 02962,France,Retail
C02963,Customer 02963,Netherlands,Retail
C02964,Customer 02964,Brazil,Wholesale
C02965,Customer 02965,Italy,Retail
C02966,Customer 02966,Spain,Wholesale
C02967,Customer 02967,Germany,Wholesale
C02968,Customer 02968,Germany,Retail
C02969,Customer 02969,Italy,Retail
C02970,Customer 02970,Spain,Retail
C02971,Customer 02971,Spain,Wholesale
C02972,Customer 02972,Brazil,Retail
C02973,Customer 02973,Spain,Industrial
C02974,Customer 02974,Netherlands,Retail
C02975,Customer 02975,Brazil,Wholesale
C02976,Customer 02976,France,Retail
C02977,Customer 02977,France,Retail
C02978,Customer 02978,Netherlands,Retail
C02979,Customer 02979,Germany,Wholesale
C02980,Customer 02980,France,Industrial
C02981,Customer 02981,Italy,Retail
C02982,Customer 02982,Brazil,Retail
C02983,Customer 02983,Italy,Retail
C02984,Customer 02984,Italy,Retail
C02985,Customer 02985,Italy,Industrial
C02986,Customer 02986,Spain,Industrial
C02987,Customer 02987,Italy,Industrial
C02988,Customer 02988,Italy,Retail
C02989,Customer 02989,Netherlands,Retail
C02990,Customer 02990,France,Wholesale
C02991,Customer 02991,France,Retail
C02992,Customer 02992,Spain,Wholesale
C02993,Customer 02993,Germany,Retail
C02994,Customer 02994,Netherlands,Retail
C02995,Customer 02995,Italy,Industrial
C02996,Customer 02996,Spain,Retail
C02997,Customer 02997,Germany,Industrial
C02998,Customer 02998,France,Retail
C02999,Customer 02999,France,Retail
C03000,Customer 03000,Spain,Retail
C03001,Customer 03001,Italy,Retail
C03002,Customer 03002,Italy,Retail
C03003,Customer 03003,Netherlands,Retail
C03004,Customer 03004,Netherlands,Wholesale
C03005,Customer 03005,Italy,Industrial
C03006,Customer 03006,France,Retail
C03007,Customer 03007,Spain,Retail
C03008,Customer 03008,France,Retail
C03009,Customer 03009,Spain,Wholesale
C03010,Customer 03010,Italy,Wholesale
C03011,Customer 03011,France,Retail
C03012,Customer 03012,Spain,Retail
C03013,Customer 03013,Brazil,Retail
C03014,Customer 03014,Italy,Retail
C03015,Customer 03015,France,Retail
C03016,Customer 03016,France,Industrial
C03017,Customer 03017,Spain,Retail
C03018,Customer 03018,Germany,Retail
C03019,Customer 03019,Spain,Retail
C03020,Customer 03020,Italy,Wholesale
C03021,Customer 03021,France,Retail
C03022,Customer 03022,Brazil,Retail
C03023,Customer 03023,France,Retail
C03024,Customer 03024,Germany,Wholesale
C03025,Customer 03025,France,Retail
C03026,Customer 03026,Spain,Industrial
C03027,Customer 03027,Brazil,Retail
C03028,Customer 03028,Italy,Retail
C03029,Customer 03029,Germany,Industrial
C03030,Customer 03030,Netherlands,Wholesale
C03031,Customer 03031,Italy,Retail
C03032,Customer 03032,Germany,Wholesale
C03033,Customer 03033,Spain,Retail
C03034,Customer 03034,Brazil,Retail
C03035,Customer 03035,Brazil,Wholesale
C03036,Customer 03036,Netherlands,Wholesale
C03037,Customer 03037,Italy,Retail
C03038,Customer 03038,Brazil,Wholesale
C03039,Customer 03039,Germany,Retail
C03040,Customer 03040,Germany,Retail
C03041,Customer 03041,France,Industrial
C03042,Customer 03042,Germany,Retail
C03043,Customer 03043,Germany,Wholesale
C03044,Customer 03044,Spain,Wholesale
C03045,Customer 03045,Germany,Wholesale
C03046,Customer 03046,Netherlands,Retail
C03047,Customer 03047,Italy,Industrial
C03048,Customer 03048,Italy,Wholesale
C03049,Customer 03049,Germany,Wholesale
C03050,Customer 03050,Italy,Retail
C03051,Customer 03051,Netherlands,Retail
C03052,Customer 03052,Germany,Retail
C03053,Customer 03053,Italy,Retail
C03054,Customer 03054,France,Retail
C03055,Customer 03055,Italy,Wholesale
C03056,Customer 03056,France,Industrial
C03057,Customer 03057,Italy,Retail
C03058,Customer 03058,Brazil,Retail
C03059,Customer 03059,France,Wholesale
C03060,Customer 03060,Germany,Retail
C03061,Customer 03061,Germany,Industrial
C03062,Customer 03062,Germany,Retail
C03063,Customer 03063,France,Retail
C03064,Customer 03064,Brazil,Retail
C03065,Customer 03065,Italy,Industrial
C03066,Customer 03066,Spain,Retail
C03067,Customer 03067,Italy,Wholesale
C03068,Customer 03068,Italy,Retail
C03069,Customer 03069,Brazil,Retail
C03070,Customer 03070,Brazil,Industrial
C03071,Customer 03071,France,Retail
C03072,Customer 03072,France,Retail
C03073,Customer 03073,Germany,Retail
C03074,Customer 03074,Italy,Industrial
C03075,Customer 03075,Spain,Retail
C03076,Customer 03076,Italy,Retail
C03077,Customer 03077,Brazil,Industrial
C03078,Customer 03078,Italy,Wholesale
C03079,Customer 03079,Germany,Industrial
C03080,Customer 03080,France,Wholesale
C03081,Customer 03081,France,Wholesale
C03082,Customer 03082,Italy,Retail
C03083,Customer 03083,Germany,Retail
C03084,Customer 03084,Germany,Wholesale
C03085,Customer 03085,France,Wholesale
C03086,Customer 03086,France,Industrial
C03087,Customer 03087,Germany,Wholesale
C03088,Customer 03088,Germany,Retail
C03089,Customer 03089,Germany,Retail
C03090,Customer 03090,France,Wholesale
C03091,Customer 03091,France,Retail
C03092,Customer 03092,France,Wholesale
C03093,Customer 03093,Italy,Wholesale
C03094,Customer 03094,Germany,Retail
C03095,Customer 03095,Netherlands,Wholesale
C03096,Customer 03096,Italy,Wholesale
C03097,Customer 03097,Germany,Industrial
C03098,Customer 03098,Germany,Retail
C03099,Customer 03099,Germany,Wholesale
C03100,Customer 03100,Germany,Retail
C03101,Customer 03101,France,Retail
C03102,Customer 03102,Brazil,Retail
C03103,Customer 03103,Brazil,Industrial
C03104,Customer 03104,France,Industrial
C03105,Customer 03105,Italy,Retail
C03106,Customer 03106,Germany,Wholesale
C03107,Customer 03107,Netherlands,Retail
C03108,Customer 03108,France,Wholesale
C03109,Customer 03109,Netherlands,Retail
C03110,Customer 03110,Germany,Wholesale
C03111,Customer 03111,Spain,Retail
C03112,Customer 03112,Italy,Wholesale
C03113,Customer 03113,Brazil,Retail
C03114,Customer 03114,Netherlands,Wholesale
C03115,Customer 03115,France,Wholesale
C03116,Customer 03116,France,Retail
C03117,Customer 03117,Spain,Retail
C03118,Customer 03118,Spain,Wholesale
C03119,Customer 03119,Brazil,Wholesale
C03120,Customer 03120,Netherlands,Retail
C03121,Customer 03121,Spain,Retail
C03122,Customer 03122,Netherlands,Retail
C03123,Customer 03123,France,Wholesale
C03124,Customer 03124,Spain,Wholesale
C03125,Customer 03125,France,Retail
C03126,Customer 03126,Netherlands,Wholesale
C03127,Customer 03127,Italy,Wholesale
C03128,Customer 03128,Netherlands,Wholesale
C03129,Customer 03129,Spain,Retail
C03130,Customer 03130,Italy,Retail
C03131,Customer 03131,France,Retail
C03132,Customer 03132,France,Retail
C03133,Customer 03133,Italy,Retail
C03134,Customer 03134,Brazil,Retail
C03135,Customer 03135,Italy,Retail
C03136,Customer 03136,Brazil,Wholesale
C03137,Customer 03137,Spain,Retail
C03138,Customer 03138,France,Wholesale
C03139,Customer 03139,France,Retail
C03140,Customer 03140,France,Wholesale
C03141,Customer 03141,France,Retail
C03142,Customer 03142,France,Wholesale
C03143,Customer 03143,France,Wholesale
C03144,Customer 03144,Spain,Retail
C03145,Customer 03145,Italy,Wholesale
C03146,Customer 03146,Spain,Retail
C03147,Customer 03147,Spain,Wholesale
C03148,Customer 03148,Netherlands,Retail
C03149,Customer 03149,Netherlands,Retail
C03150,Customer 03150,Brazil,Retail
C03151,Customer 03151,Italy,Industrial
C03152,Customer 03152,Germany,Retail
C03153,Customer 03153,Germany,Wholesale
C03154,Customer 03154,Italy,Retail
C03155,Customer 03155,Brazil,Retail
C03156,Customer 03156,Netherlands,Retail
C03157,Customer 03157,Italy,Industrial
C03158,Customer 03158,Netherlands,Wholesale
C03159,Customer 03159,Italy,Retail
C03160,Customer 03160,Netherlands,Wholesale
C03161,Customer 03161,Brazil,Retail
C03162,Customer 03162,Netherlands,Retail
C03163,Customer 03163,Brazil,Retail
C03164,Customer 03164,Germany,Retail
C03165,Customer 03165,Brazil,Retail
C03166,Customer 03166,France,Wholesale
C03167,Customer 03167,Italy,Retail
C03168,Customer 03168,Germany,Industrial
C03169,Customer 03169,Italy,Wholesale
C03170,Customer 03170,Spain,Wholesale
C03171,Customer 03171,Spain,Wholesale
C03172,Customer 03172,Netherlands,Industrial
C03173,Customer 03173,France,Retail
C03174,Customer 03174,France,Retail
C03175,Customer 03175,Netherlands,Retail
C03176,Customer 03176,Spain,Industrial
C03177,Customer 03177,Spain,Retail
C03178,Customer 03178,Germany,Wholesale
C03179,Customer 03179,Germany,Wholesale
C03180,Customer 03180,Germany,Retail
C03181,Customer 03181,Germany,Industrial
C03182,Customer 03182,Germany,Retail
C03183,Customer 03183,Italy,Retail
C03184,Customer 03184,Brazil,Wholesale
C03185,Customer 03185,Spain,Retail
C03186,Customer 03186,Netherlands,Retail
C03187,Customer 03187,Italy,Retail
C03188,Customer 03188,France,Retail
C03189,Customer 03189,Brazil,Wholesale
C03190,Customer 03190,Netherlands,Industrial
C03191,Customer 03191,Brazil,Retail
C03192,Customer 03192,Italy,Retail
C03193,Customer 03193,Italy,Retail
C03194,Customer 03194,Germany,Industrial
C03195,Customer 03195,Italy,Wholesale
C03196,Customer 03196,Germany,Retail
C03197,Customer 03197,Germany,Retail
C03198,Customer 03198,Italy,Industrial
C03199,Customer 03199,Netherlands,Industrial
C03200,Customer 03200,Germany,Retail
C03201,Customer 03201,Netherlands,Wholesale
C03202,Customer 03202,Netherlands,Retail
C03203,Customer 03203,Italy,Retail
C03204,Customer 03204,Brazil,Wholesale
C03205,Customer 03205,Germany,Retail
C03206,Customer 03206,Italy,Retail
C03207,Customer 03207,Netherlands,Industrial
C03208,Customer 03208,Italy,Wholesale
C03209,Customer 03209,France,Retail
C03210,Customer 03210,Germany,Wholesale
C03211,Customer 03211,Netherlands,Wholesale
C03212,Customer 03212,Germany,Wholesale
C03213,Customer 03213,France,Industrial
C03214,Customer 03214,Netherlands,Wholesale
C03215,Customer 03215,Spain,Retail
C03216,Customer 03216,Germany,Retail
C03217,Customer 03217,Brazil,Wholesale
C03218,Customer 03218,France,Industrial
C03219,Customer 03219,Netherlands,Retail
C03220,Customer 03220,France,Retail
C03221,Customer 03221,Italy,Wholesale
C03222,Customer 03222,Germany,Retail
C03223,Customer 03223,Italy,Retail
C03224,Customer 03224,Italy,Industrial
C03225,Customer 03225,Spain,Wholesale
C03226,Customer 03226,Italy,Industrial
C03227,Customer 03227,Spain,Wholesale
C03228,Customer 03228,France,Retail
C03229,Customer 03229,Italy,Industrial
C03230,Customer 03230,Netherlands,Retail
C03231,Customer 03231,Netherlands,Retail
C03232,Customer 03232,Germany,Industrial
C03233,Customer 03233,Italy,Wholesale
C03234,Customer 03234,Brazil,Industrial
C03235,Customer 03235,Spain,Retail
C03236,Customer 03236,Spain,Industrial
C03237,Customer 03237,France,Wholesale
C03238,Customer 03238,Netherlands,Wholesale
C03239,Customer 03239,Netherlands,Industrial
C03240,Customer 03240,Brazil,Retail
C03241,Customer 03241,Germany,Wholesale
C03242,Customer 03242,Germany,Wholesale
C03243,Customer 03243,Netherlands,Wholesale
C03244,Customer 03244,Spain,Industrial
C03245,Customer 03245,Italy,Wholesale
C03246,Customer 03246,Italy,Retail
C03247,Customer 03247,Italy,Retail
C03248,Customer 03248,Brazil,Industrial
C03249,Customer 03249,Brazil,Industrial
C03250,Customer 03250,France,Industrial
C03251,Customer 03251,France,Retail
C03252,Customer 03252,Italy,Retail
C03253,Customer 03253,Brazil,Wholesale
C03254,Customer 03254,France,Wholesale
C03255,Customer 03255,Germany,Retail
C03256,Customer 03256,Germany,Wholesale
C03257,Customer 03257,Germany,Retail
C03258,Customer 03258,Germany,Retail
C03259,Customer 03259,Spain,Retail
C03260,Customer 03260,France,Retail
C03261,Customer 03261,France,Retail
C03262,Customer 03262,France,Industrial
C03263,Customer 03263,Italy,Wholesale
C03264,Customer 03264,Netherlands,Industrial
C03265,Customer 03265,Spain,Retail
C03266,Customer 03266,Spain,Retail
C03267,Customer 03267,Italy,Retail
C03268,Customer 03268,Italy,Wholesale
C03269,Customer 03269,Brazil,Retail
C03270,Customer 03270,Netherlands,Wholesale
C03271,Customer 03271,Brazil,Wholesale
C03272,Customer 03272,France,Industrial
C03273,Customer 03273,Spain,Retail
C03274,Customer 03274,France,Retail
C03275,Customer 03275,Germany,Retail
C03276,Customer 03276,Netherlands,Retail
C03277,Customer 03277,Brazil,Wholesale
C03278,Customer 03278,Germany,Retail
C03279,Customer 03279,Netherlands,Wholesale
C03280,Customer 03280,Italy,Retail
C03281,Customer 03281,Brazil,Industrial
C03282,Customer 03282,Italy,Industrial
C03283,Customer 03283,Netherlands,Retail
C03284,Customer 03284,Brazil,Industrial
C03285,Customer 03285,France,Retail
C03286,Customer 03286,France,Wholesale
C03287,Customer 03287,Brazil,Industrial
C03288,Customer 03288,Germany,Wholesale
C03289,Customer 03289,Germany,Wholesale
C03290,Customer 03290,Germany,Retail
C03291,Customer 03291,France,Wholesale
C03292,Customer 03292,France,Wholesale
C03293,Customer 03293,Germany,Retail
C03294,Customer 03294,Germany,Retail
C03295,Customer 03295,Germany,Wholesale
C03296,Customer 03296,Italy,Wholesale
C03297,Customer 03297,Germany,Retail
C03298,Customer 03298,Netherlands,Industrial
C03299,Customer 03299,Spain,Wholesale
C03300,Customer 03300,Italy,Retail
C03301,Customer 03301,Spain,Retail
C03302,Customer 03302,Germany,Wholesale
C03303,Customer 03303,Spain,Wholesale
C03304,Customer 03304,Germany,Wholesale
C03305,Customer 03305,Brazil,Retail
C03306,Customer 03306,Germany,Wholesale
C03307,Customer 03307,Germany,Wholesale
C03308,Customer 03308,Brazil,Wholesale
C03309,Customer 03309,Brazil,Retail
C03310,Customer 03310,Netherlands,Wholesale
C03311,Customer 03311,Spain,Retail
C03312,Customer 03312,France,Retail
C03313,Customer 03313,Netherlands,Wholesale
C03314,Customer 03314,Germany,Wholesale
C03315,Customer 03315,France,Retail
C03316,Customer 03316,Netherlands,Wholesale
C03317,Customer 03317,Spain,Retail
C03318,Customer 03318,France,Retail
C03319,Customer 03319,Germany,Retail
C03320,Customer 03320,Brazil,Retail
C03321,Customer 03321,Brazil,Wholesale
C03322,Customer 03322,Brazil,Wholesale
C03323,Customer 03323,Italy,Wholesale
C03324,Customer 03324,Spain,Retail
C03325,Customer 03325,France,Retail
C03326,Customer 03326,Italy,Retail
C03327,Customer 03327,Brazil,Wholesale
C03328,Customer 03328,Germany,Retail
C03329,Customer 03329,France,Retail
C03330,Customer 03330,Netherlands,Wholesale
C03331,Customer 03331,Spain,Wholesale
C03332,Customer 03332,Netherlands,Retail
C03333,Customer 03333,Germany,Retail
C03334,Customer 03334,Netherlands,Wholesale
C03335,Customer 03335,Brazil,Retail
C03336,Customer 03336,Germany,Retail
C03337,Customer 03337,Spain,Industrial
C03338,Customer 03338,Brazil,Retail
C03339,Customer 03339,Netherlands,Retail
C03340,Customer 03340,Netherlands,Retail
C03341,Customer 03341,Spain,Retail
C03342,Customer 03342,Germany,Retail
C03343,Customer 03343,Brazil,Retail
C03344,Customer 03344,Spain,Wholesale
C03345,Customer 03345,Spain,Retail
C03346,Customer 03346,Italy,Industrial
C03347,Customer 03347,Spain,Industrial
C03348,Customer 03348,Brazil,Retail
C03349,Customer 03349,Brazil,Retail
C03350,Customer 03350,Italy,Wholesale
C03351,Customer 03351,Brazil,Industrial
C03352,Customer 03352,Netherlands,Industrial
C03353,Customer 03353,Brazil,Retail
C03354,Customer 03354,Italy,Retail
C03355,Customer 03355,Netherlands,Retail
C03356,Customer 03356,France,Wholesale
C03357,Customer 03357,Brazil,Wholesale
C03358,Customer 03358,Netherlands,Retail
C03359,Customer 03359,Germany,Wholesale
C03360,Customer 03360,Spain,Retail
C03361,Customer 03361,Netherlands,Wholesale
C03362,Customer 03362,Italy,Retail
C03363,Customer 03363,Brazil,Wholesale
C03364,Customer 03364,Italy,Wholesale
C03365,Customer 03365,Brazil,Wholesale
C03366,Customer 03366,Italy,Retail
C03367,Customer 03367,Spain,Wholesale
C03368,Customer 03368,Germany,Wholesale
C03369,Customer 03369,France,Retail
C03370,Customer 03370,Brazil,Retail
C03371,Customer 03371,Netherlands,Wholesale
C03372,Customer 03372,Germany,Retail
C03373,Customer 03373,Germany,Retail
C03374,Customer 03374,Spain,Retail
C03375,Customer 03375,Italy,Retail
C03376,Customer 03376,Spain,Retail
C03377,Customer 03377,Spain,Wholesale
C03378,Customer 03378,Spain,Retail
C03379,Customer 03379,Netherlands,Wholesale
C03380,Customer 03380,France,Retail
C03381,Customer 03381,Italy,Retail
C03382,Customer 03382,Italy,Retail
C03383,Customer 03383,Netherlands,Wholesale
C03384,Customer 03384,Netherlands,Industrial
C03385,Customer 03385,Italy,Retail
C03386,Customer 03386,Germany,Retail
C03387,Customer 03387,Italy,Retail
C03388,Customer 03388,Italy,Retail
C03389,Customer 03389,Germany,Wholesale
C03390,Customer 03390,Italy,Retail
C03391,Customer 03391,Germany,Industrial
C03392,Customer 03392,Spain,Wholesale
C03393,Customer 03393,Italy,Retail
C03394,Customer 03394,Germany,Wholesale
C03395,Customer 03395,France,Retail
C03396,Customer 03396,Italy,Wholesale
C03397,Customer 03397,France,Retail
C03398,Customer 03398,Netherlands,Wholesale
C03399,Customer 03399,Brazil,Retail
C03400,Customer 03400,Italy,Retail
C03401,Customer 03401,Italy,Wholesale
C03402,Customer 03402,Netherlands,Retail
C03403,Customer 03403,Brazil,Retail
C03404,Customer 03404,Netherlands,Wholesale
C03405,Customer 03405,France,Retail
C03406,Customer 03406,France,Industrial
C03407,Customer 03407,France,Wholesale
C03408,Customer 03408,Spain,Wholesale
C03409,Customer 03409,Spain,Retail
C03410,Customer 03410,France,Retail
C03411,Customer 03411,Brazil,Industrial
C03412,Customer 03412,Netherlands,Retail
C03413,Customer 03413,Germany,Retail
C03414,Customer 03414,Brazil,Retail
C03415,Customer 03415,Spain,Retail
C03416,Customer 03416,France,Wholesale
C03417,Customer 03417,Spain,Wholesale
C03418,Customer 03418,Netherlands,Wholesale
C03419,Customer 03419,Brazil,Industrial
C03420,Customer 03420,Germany,Retail
C03421,Customer 03421,Spain,Retail
C03422,Customer 03422,Italy,Retail
C03423,Customer 03423,Spain,Wholesale
C03424,Customer 03424,France,Retail
C03425,Customer 03425,Spain,Wholesale
C03426,Customer 03426,Netherlands,Retail
C03427,Customer 03427,France,Wholesale
C03428,Customer 03428,Netherlands,Wholesale
C03429,Customer 03429,Italy,Industrial
C03430,Customer 03430,Germany,Retail
C03431,Customer 03431,Germany,Industrial
C03432,Customer 03432,Italy,Retail
C03433,Customer 03433,Germany,Retail
C03434,Customer 03434,France,Retail
C03435,Customer 03435,Germany,Retail
C03436,Customer 03436,Spain,Wholesale
C03437,Customer 03437,Germany,Retail
C03438,Customer 03438,Spain,Retail
C03439,Customer 03439,Netherlands,Wholesale
C03440,Customer 03440,Italy,Wholesale
C03441,Customer 03441,Netherlands,Wholesale
C03442,Customer 03442,Brazil,Wholesale
C03443,Customer 03443,France,Retail
C03444,Customer 03444,Germany,Wholesale
C03445,Customer 03445,Netherlands,Retail
C03446,Customer 03446,Italy,Retail
C03447,Customer 03447,Germany,Retail
C03448,Customer 03448,Spain,Wholesale
C03449,Customer 03449,Spain,Retail
C03450,Customer 03450,France,Wholesale
C03451,Customer 03451,France,Retail
C03452,Customer 03452,Brazil,Retail
C03453,Customer 03453,France,Retail
C03454,Customer 03454,France,Retail
C03455,Customer 03455,Italy,Retail
C03456,Customer 03456,Netherlands,Wholesale
C03457,Customer 03457,Italy,Retail
C03458,Customer 03458,Brazil,Retail
C03459,Customer 03459,Netherlands,Wholesale
C03460,Customer 03460,France,Retail
C03461,Customer 03461,France,Retail
C03462,Customer 03462,Netherlands,Retail
C03463,Customer 03463,Netherlands,Retail
C03464,Customer 03464,Brazil,Retail
C03465,Customer 03465,France,Wholesale
C03466,Customer 03466,Italy,Retail
C03467,Customer 03467,Spain,Wholesale
C03468,Customer 03468,Germany,Retail
C03469,Customer 03469,Spain,Wholesale
C03470,Customer 03470,Netherlands,Wholesale
C03471,Customer 03471,Germany,Retail
C03472,Customer 03472,Italy,Retail
C03473,Customer 03473,Italy,Retail
C03474,Customer 03474,Netherlands,Industrial
C03475,Customer 03475,Germany,Industrial
C03476,Customer 03476,Germany,Retail
C03477,Customer 03477,Spain,Wholesale
C03478,Customer 03478,Spain,Retail
C03479,Customer 03479,France,Retail
C03480,Customer 03480,Italy,Wholesale
C03481,Customer 03481,Italy,Retail
C03482,Customer 03482,Germany,Retail
C03483,Customer 03483,Italy,Wholesale
C03484,Customer 03484,Germany,Retail
C03485,Customer 03485,France,Wholesale
C03486,Customer 03486,Brazil,Retail
C03487,Customer 03487,France,Retail
C03488,Customer 03488,Netherlands,Retail
C03489,Customer 03489,France,Industrial
C03490,Customer 03490,Italy,Retail
C03491,Customer 03491,Brazil,Retail
C03492,Customer 03492,Spain,Wholesale
C03493,Customer 03493,France,Industrial
C03494,Customer 03494,Italy,Industrial
C03495,Customer 03495,Netherlands,Wholesale
C03496,Customer 03496,Spain,Retail
C03497,Customer 03497,Brazil,Wholesale
C03498,Customer 03498,France,Wholesale
C03499,Customer 03499,Brazil,Industrial
C03500,Customer 03500,France,Wholesale
C03501,Customer 03501,Brazil,Retail
C03502,Customer 03502,Spain,Retail
C03503,Customer 03503,Germany,Wholesale
C03504,Customer 03504,Germany,Retail
C03505,Customer 03505,Brazil,Retail
C03506,Customer 03506,Netherlands,Retail
C03507,Customer 03507,Netherlands,Wholesale
C03508,Customer 03508,Italy,Industrial
C03509,Customer 03509,Brazil,Wholesale
C03510,Customer 03510,France,Industrial
C03511,Customer 03511,Netherlands,Wholesale
C03512,Customer 03512,Spain,Wholesale
C03513,Customer 03513,Brazil,Retail
C03514,Customer 03514,Brazil,Wholesale
C03515,Customer 03515,Germany,Retail
C03516,Customer 03516,Netherlands,Retail
C03517,Customer 03517,Germany,Retail
C03518,Customer 03518,Netherlands,Wholesale
C03519,Customer 03519,Italy,Wholesale
C03520,Customer 03520,Netherlands,Industrial
C03521,Customer 03521,Italy,Industrial
C03522,Customer 03522,Germany,Industrial
C03523,Customer 03523,Italy,Retail
C03524,Customer 03524,Germany,Industrial
C03525,Customer 03525,Germany,Wholesale
C03526,Customer 03526,Germany,Industrial
C03527,Customer 03527,Brazil,Retail
C03528,Customer 03528,Brazil,Retail
C03529,Customer 03529,Germany,Industrial
C03530,Customer 03530,Brazil,Retail
C03531,Customer 03531,France,Retail
C03532,Customer 03532,Brazil,Retail
C03533,Customer 03533,Brazil,Retail
C03534,Customer 03534,Netherlands,Retail
C03535,Customer 03535,Brazil,Industrial
C03536,Customer 03536,Brazil,Industrial
C03537,Customer 03537,Brazil,Industrial
C03538,Customer 03538,Brazil,Retail
C03539,Customer 03539,Spain,Retail
C03540,Customer 03540,Italy,Retail
C03541,Customer 03541,Italy,Retail
C03542,Customer 03542,Spain,Retail
C03543,Customer 03543,Brazil,Wholesale
C03544,Customer 03544,Italy,Industrial
C03545,Customer 03545,Brazil,Retail
C03546,Customer 03546,Spain,Retail
C03547,Customer 03547,France,Retail
C03548,Customer 03548,Netherlands,Retail
C03549,Customer 03549,Germany,Retail
C03550,Customer 03550,Spain,Retail
C03551,Customer 03551,France,Retail
C03552,Customer 03552,Spain,Retail
C03553,Customer 03553,Netherlands,Wholesale
C03554,Customer 03554,Italy,Retail
C03555,Customer 03555,France,Retail
C03556,Customer 03556,France,Retail
C03557,Customer 03557,Italy,Retail
C03558,Customer 03558,France,Wholesale
C03559,Customer 03559,Germany,Wholesale
C03560,Customer 03560,France,Industrial
C03561,Customer 03561,Brazil,Wholesale
C03562,Customer 03562,Germany,Retail
C03563,Customer 03563,France,Retail
C03564,Customer 03564,Italy,Retail
C03565,Customer 03565,Italy,Retail
C03566,Customer 03566,Germany,Industrial
C03567,Customer 03567,France,Retail
C03568,Customer 03568,Brazil,Retail
C03569,Customer 03569,Italy,Retail
C03570,Customer 03570,Germany,Retail
C03571,Customer 03571,Italy,Industrial
C03572,Customer 03572,Netherlands,Retail
C03573,Customer 03573,Italy,Retail
C03574,Customer 03574,Germany,Retail
C03575,Customer 03575,Netherlands,Wholesale
C03576,Customer 03576,Italy,Retail
C03577,Customer 03577,Spain,Wholesale
C03578,Customer 03578,Netherlands,Retail
C03579,Customer 03579,Netherlands,Retail
C03580,Customer 03580,Brazil,Industrial
C03581,Customer 03581,Netherlands,Retail
C03582,Customer 03582,Italy,Retail
C03583,Customer 03583,Germany,Wholesale
C03584,Customer 03584,Germany,Retail
C03585,Customer 03585,Italy,Retail
C03586,Customer 03586,Germany,Wholesale
C03587,Customer 03587,France,Retail
C03588,Customer 03588,Italy,Retail
C03589,Customer 03589,Spain,Retail
C03590,Customer 03590,Netherlands,Wholesale
C03591,Customer 03591,Brazil,Retail
C03592,Customer 03592,Germany,Retail
C03593,Customer 03593,Netherlands,Wholesale
C03594,Customer 03594,Spain,Wholesale
C03595,Customer 03595,Germany,Industrial
C03596,Customer 03596,Germany,Retail
C03597,Customer 03597,France,Retail
C03598,Customer 03598,Spain,Retail
C03599,Customer 03599,Germany,Wholesale
C03600,Customer 03600,Spain,Retail
C03601,Customer 03601,France,Wholesale
C03602,Customer 03602,Spain,Retail
C03603,Customer 03603,Brazil,Wholesale
C03604,Customer 03604,Spain,Wholesale
C03605,Customer 03605,Netherlands,Retail
C03606,Customer 03606,Brazil,Industrial
C03607,Customer 03607,Germany,Industrial
C03608,Customer 03608,Italy,Retail
C03609,Customer 03609,Spain,Retail
C03610,Customer 03610,Italy,Wholesale
C03611,Customer 03611,Spain,Retail
C03612,Customer 03612,Italy,Retail
C03613,Customer 03613,Spain,Retail
C03614,Customer 03614,Brazil,Industrial
C03615,Customer 03615,Italy,Retail
C03616,Customer 03616,France,Wholesale
C03617,Customer 03617,Brazil,Retail
C03618,Customer 03618,France,Retail
C03619,Customer 03619,France,Industrial
C03620,Customer 03620,Brazil,Retail
C03621,Customer 03621,Netherlands,Retail
C03622,Customer 03622,Germany,Retail
C03623,Customer 03623,Germany,Wholesale
C03624,Customer 03624,France,Retail
C03625,Customer 03625,Italy,Retail
C03626,Customer 03626,Italy,Retail
C03627,Customer 03627,Italy,Retail
C03628,Customer 03628,Germany,Retail
C03629,Customer 03629,Netherlands,Retail
C03630,Customer 03630,Italy,Retail
C03631,Customer 03631,France,Retail
C03632,Customer 03632,Spain,Wholesale
C03633,Customer 03633,Brazil,Wholesale
C03634,Customer 03634,Italy,Retail
C03635,Customer 03635,Netherlands,Retail
C03636,Customer 03636,France,Retail
C03637,Customer 03637,Spain,Industrial
C03638,Customer 03638,France,Retail
C03639,Customer 03639,Brazil,Retail
C03640,Customer 03640,Spain,Retail
C03641,Customer 03641,Italy,Retail
C03642,Customer 03642,Netherlands,Retail
C03643,Customer 03643,Netherlands,Retail
C03644,Customer 03644,France,Wholesale
C03645,Customer 03645,Netherlands,Wholesale
C03646,Customer 03646,Spain,Wholesale
C03647,Customer 03647,Spain,Wholesale
C03648,Customer 03648,Spain,Retail
C03649,Customer 03649,Netherlands,Industrial
C03650,Customer 03650,Italy,Wholesale
C03651,Customer 03651,Brazil,Wholesale
C03652,Customer 03652,Brazil,Wholesale
C03653,Customer 03653,France,Retail
C03654,Customer 03654,Spain,Retail
C03655,Customer 03655,Italy,Retail
C03656,Customer 03656,France,Retail
C03657,Customer 03657,Spain,Retail
C03658,Customer 03658,Netherlands,Retail
C03659,Customer 03659,France,Retail
C03660,Customer 03660,France,Industrial
C03661,Customer 03661,Spain,Wholesale
C03662,Customer 03662,France,Wholesale
C03663,Customer 03663,Netherlands,Retail
C03664,Customer 03664,Netherlands,Wholesale
C03665,Customer 03665,Spain,Industrial
C03666,Customer 03666,France,Wholesale
C03667,Customer 03667,Spain,Wholesale
C03668,Customer 03668,Germany,Retail
C03669,Customer 03669,France,Retail
C03670,Customer 03670,Germany,Wholesale
C03671,Customer 03671,Brazil,Industrial
C03672,Customer 03672,Brazil,Retail
C03673,Customer 03673,Spain,Retail
C03674,Customer 03674,Brazil,Retail
C03675,Customer 03675,Spain,Retail
C03676,Customer 03676,France,Industrial
C03677,Customer 03677,France,Wholesale
C03678,Customer 03678,Italy,Retail
C03679,Customer 03679,Spain,Retail
C03680,Customer 03680,Italy,Retail
C03681,Customer 03681,Italy,Retail
C03682,Customer 03682,Brazil,Retail
C03683,Customer 03683,Germany,Wholesale
C03684,Customer 03684,Spain,Wholesale
C03685,Customer 03685,Netherlands,Retail
C03686,Customer 03686,Brazil,Wholesale
C03687,Customer 03687,Brazil,Wholesale
C03688,Customer 03688,Netherlands,Retail
C03689,Customer 03689,Netherlands,Wholesale
C03690,Customer 03690,Germany,Wholesale
C03691,Customer 03691,France,Wholesale
C03692,Customer 03692,Spain,Retail
C03693,Customer 03693,Germany,Retail
C03694,Customer 03694,Germany,Retail
C03695,Customer 03695,France,Retail
C03696,Customer 03696,Spain,Retail
C03697,Customer 03697,Germany,Wholesale
C03698,Customer 03698,France,Retail
C03699,Customer 03699,Germany,Retail
C03700,Customer 03700,Italy,Industrial
C03701,Customer 03701,Brazil,Retail
C03702,Customer 03702,Germany,Retail
C03703,Customer 03703,Germany,Wholesale
C03704,Customer 03704,Netherlands,Retail
C03705,Customer 03705,Netherlands,Retail
C03706,Customer 03706,Spain,Wholesale
C03707,Customer 03707,Brazil,Retail
C03708,Customer 03708,Italy,Retail
C03709,Customer 03709,France,Retail
C03710,Customer 03710,Netherlands,Wholesale
C03711,Customer 03711,France,Retail
C03712,Customer 03712,Netherlands,Wholesale
C03713,Customer 03713,Italy,Retail
C03714,Customer 03714,Germany,Wholesale
C03715,Customer 03715,Italy,Retail
C03716,Customer 03716,Germany,Retail
C03717,Customer 03717,France,Retail
C03718,Customer 03718,Germany,Wholesale
C03719,Customer 03719,Italy,Retail
C03720,Customer 03720,Germany,Retail
C03721,Customer 03721,Spain,Retail
C03722,Customer 03722,Spain,Retail
C03723,Customer 03723,Italy,Wholesale
C03724,Customer 03724,Netherlands,Retail
C03725,Customer 03725,Brazil,Retail
C03726,Customer 03726,Netherlands,Retail
C03727,Customer 03727,Brazil,Retail
C03728,Customer 03728,Spain,Retail
C03729,Customer 03729,France,Retail
C03730,Customer 03730,Spain,Retail
C03731,Customer 03731,Italy,Industrial
C03732,Customer 03732,Netherlands,Retail
C03733,Customer 03733,France,Wholesale
C03734,Customer 03734,Netherlands,Retail
C03735,Customer 03735,Germany,Retail
C03736,Customer 03736,Germany,Retail
C03737,Customer 03737,France,Retail
C03738,Customer 03738,Spain,Wholesale
C03739,Customer 03739,Italy,Wholesale
C03740,Customer 03740,Italy,Wholesale
C03741,Customer 03741,Germany,Wholesale
C03742,Customer 03742,Germany,Retail
C03743,Customer 03743,Netherlands,Retail
C03744,Customer 03744,France,Wholesale
C03745,Customer 03745,Germany,Retail
C03746,Customer 03746,Netherlands,Retail
C03747,Customer 03747,France,Industrial
C03748,Customer 03748,Netherlands,Industrial
C03749,Customer 03749,Netherlands,Wholesale
C03750,Customer 03750,Netherlands,Retail
C03751,Customer 03751,Spain,Wholesale
C03752,Customer 03752,Italy,Retail
C03753,Customer 03753,Netherlands,Retail
C03754,Customer 03754,Germany,Retail
C03755,Customer 03755,Brazil,Industrial
C03756,Customer 03756,Germany,Industrial
C03757,Customer 03757,Spain,Wholesale
C03758,Customer 03758,Spain,Retail
C03759,Customer 03759,Brazil,Retail
C03760,Customer 03760,Spain,Retail
C03761,Customer 03761,Germany,Industrial
C03762,Customer 03762,Spain,Retail
C03763,Customer 03763,Spain,Retail
C03764,Customer 03764,Spain,Wholesale
C03765,Customer 03765,France,Retail
C03766,Customer 03766,France,Wholesale
C03767,Customer 03767,Italy,Retail
C03768,Customer 03768,Italy,Wholesale
C03769,Customer 03769,Italy,Retail
C03770,Customer 03770,France,Retail
C03771,Customer 03771,France,Retail
C03772,Customer 03772,Germany,Retail
C03773,Customer 03773,Spain,Wholesale
C03774,Customer 03774,Brazil,Retail
C03775,Customer 03775,France,Retail
C03776,Customer 03776,Germany,Wholesale
C03777,Customer 03777,Spain,Retail
C03778,Customer 03778,Netherlands,Wholesale
C03779,Customer 03779,Netherlands,Wholesale
C03780,Customer 03780,France,Retail
C03781,Customer 03781,Brazil,Wholesale
C03782,Customer 03782,Germany,Retail
C03783,Customer 03783,Brazil,Retail
C03784,Customer 03784,Italy,Retail
C03785,Customer 03785,Netherlands,Wholesale
C03786,Customer 03786,Spain,Wholesale
C03787,Customer 03787,Germany,Retail
C03788,Customer 03788,Brazil,Industrial
C03789,Customer 03789,Netherlands,Retail
C03790,Customer 03790,Germany,Industrial
C03791,Customer 03791,Brazil,Wholesale
C03792,Customer 03792,Germany,Industrial
C03793,Customer 03793,Germany,Industrial
C03794,Customer 03794,Spain,Industrial
C03795,Customer 03795,Netherlands,Retail
C03796,Customer 03796,Germany,Wholesale
C03797,Customer 03797,Italy,Wholesale
C03798,Customer 03798,Brazil,Wholesale
C03799,Customer 03799,Brazil,Retail
C03800,Customer 03800,Brazil,Industrial
C03801,Customer 03801,Netherlands,Retail
C03802,Customer 03802,Spain,Retail
C03803,Customer 03803,Italy,Retail
C03804,Customer 03804,Brazil,Retail
C03805,Customer 03805,Brazil,Wholesale
C03806,Customer 03806,Netherlands,Retail
C03807,Customer 03807,Brazil,Wholesale
C03808,Customer 03808,Brazil,Wholesale
C03809,Customer 03809,Spain,Retail
C03810,Customer 03810,Spain,Wholesale
C03811,Customer 03811,Germany,Retail
C03812,Customer 03812,France,Wholesale
C03813,Customer 03813,Italy,Industrial
C03814,Customer 03814,France,Retail
C03815,Customer 03815,France,Wholesale
C03816,Customer 03816,Brazil,Retail
C03817,Customer 03817,France,Retail
C03818,Customer 03818,Italy,Wholesale
C03819,Customer 03819,Spain,Retail
C03820,Customer 03820,Netherlands,Wholesale
C03821,Customer 03821,Brazil,Retail
C03822,Customer 03822,Brazil,Retail
C03823,Customer 03823,Spain,Industrial
C03824,Customer 03824,Germany,Retail
C03825,Customer 03825,Spain,Wholesale
C03826,Customer 03826,Netherlands,Retail
C03827,Customer 03827,France,Wholesale
C03828,Customer 03828,Spain,Wholesale
C03829,Customer 03829,Italy,Retail
C03830,Customer 03830,Brazil,Retail
C03831,Customer 03831,Netherlands,Retail
C03832,Customer 03832,Germany,Industrial
C03833,Customer 03833,Italy,Retail
C03834,Customer 03834,Spain,Retail
C03835,Customer 03835,Brazil,Wholesale
C03836,Customer 03836,Italy,Retail
C03837,Customer 03837,Germany,Retail
C03838,Customer 03838,Spain,Retail
C03839,Customer 03839,Netherlands,Retail
C03840,Customer 03840,Netherlands,Wholesale
C03841,Customer 03841,Netherlands,Industrial
C03842,Customer 03842,France,Industrial
C03843,Customer 03843,Spain,Industrial
C03844,Customer 03844,Germany,Retail
C03845,Customer 03845,Netherlands,Retail
C03846,Customer 03846,France,Wholesale
C03847,Customer 03847,Italy,Industrial
C03848,Customer 03848,France,Wholesale
C03849,Customer 03849,Italy,Retail
C03850,Customer 03850,Germany,Wholesale
C03851,Customer 03851,Italy,Wholesale
C03852,Customer 03852,Brazil,Industrial
C03853,Customer 03853,Brazil,Wholesale
C03854,Customer 03854,France,Retail
C03855,Customer 03855,France,Retail
C03856,Customer 03856,Italy,Retail
C03857,Customer 03857,France,Retail
C03858,Customer 03858,Brazil,Industrial
C03859,Customer 03859,Germany,Retail
C03860,Customer 03860,France,Retail
C03861,Customer 03861,Spain,Retail
C03862,Customer 03862,Spain,Wholesale
C03863,Customer 03863,Germany,Retail
C03864,Customer 03864,Spain,Retail
C03865,Customer 03865,Spain,Industrial
C03866,Customer 03866,Italy,Retail
C03867,Customer 03867,Spain,Retail
C03868,Customer 03868,Italy,Retail
C03869,Customer 03869,Germany,Wholesale
C03870,Customer 03870,Italy,Wholesale
C03871,Customer 03871,Brazil,Industrial
C03872,Customer 03872,Brazil,Retail
C03873,Customer 03873,Netherlands,Industrial
C03874,Customer 03874,France,Wholesale
C03875,Customer 03875,Spain,Retail
C03876,Customer 03876,Spain,Retail
C03877,Customer 03877,Italy,Retail
C03878,Customer 03878,Germany,Industrial
C03879,Customer 03879,Germany,Retail
C03880,Customer 03880,Brazil,Retail
C03881,Customer 03881,Netherlands,Wholesale
C03882,Customer 03882,Germany,Industrial
C03883,Customer 03883,Spain,Wholesale
C03884,Customer 03884,France,Wholesale
C03885,Customer 03885,Brazil,Retail
C03886,Customer 03886,France,Industrial
C03887,Customer 03887,Brazil,Retail
C03888,Customer 03888,Germany,Retail
C03889,Customer 03889,Brazil,Industrial
C03890,Customer 03890,Italy,Retail
C03891,Customer 03891,Spain,Retail
C03892,Customer 03892,Netherlands,Wholesale
C03893,Customer 03893,France,Retail
C03894,Customer 03894,Germany,Retail
C03895,Customer 03895,Spain,Wholesale
C03896,Customer 03896,Netherlands,Wholesale
C03897,Customer 03897,Spain,Wholesale
C03898,Customer 03898,Brazil,Retail
C03899,Customer 03899,Germany,Wholesale
C03900,Customer 03900,Netherlands,Wholesale
C03901,Customer 03901,Spain,Retail
C03902,Customer 03902,Netherlands,Retail
C03903,Customer 03903,Spain,Retail
C03904,Customer 03904,Brazil,Retail
C03905,Customer 03905,Netherlands,Retail
C03906,Customer 03906,Italy,Wholesale
C03907,Customer 03907,Italy,Industrial
C03908,Customer 03908,Netherlands,Retail
C03909,Customer 03909,Germany,Wholesale
C03910,Customer 03910,Netherlands,Retail
C03911,Customer 03911,Germany,Retail
C03912,Customer 03912,Netherlands,Wholesale
C03913,Customer 03913,Germany,Retail
C03914,Customer 03914,Spain,Industrial
C03915,Customer 03915,Italy,Retail
C03916,Customer 03916,Brazil,Retail
C03917,Customer 03917,Brazil,Retail
C03918,Customer 03918,Netherlands,Retail
C03919,Customer 03919,Brazil,Industrial
C03920,Customer 03920,Spain,Wholesale
C03921,Customer 03921,Netherlands,Retail
C03922,Customer 03922,Spain,Retail
C03923,Customer 03923,France,Wholesale
C03924,Customer 03924,France,Wholesale
C03925,Customer 03925,Spain,Retail
C03926,Customer 03926,Spain,Retail
C03927,Customer 03927,Spain,Retail
C03928,Customer 03928,Brazil,Retail
C03929,Customer 03929,Spain,Retail
C03930,Customer 03930,Italy,Retail
C03931,Customer 03931,Italy,Retail
C03932,Customer 03932,Brazil,Retail
C03933,Customer 03933,Italy,Retail
C03934,Customer 03934,Italy,Industrial
C03935,Customer 03935,Germany,Wholesale
C03936,Customer 03936,Netherlands,Retail
C03937,Customer 03937,Spain,Retail
C03938,Customer 03938,France,Retail
C03939,Customer 03939,Italy,Industrial
C03940,Customer 03940,Spain,Wholesale
C03941,Customer 03941,Spain,Retail
C03942,Customer 03942,Germany,Industrial
C03943,Customer 03943,Netherlands,Wholesale
C03944,Customer 03944,Netherlands,Wholesale
C03945,Customer 03945,Brazil,Retail
C03946,Customer 03946,Italy,Retail
C03947,Customer 03947,Brazil,Wholesale
C03948,Customer 03948,France,Retail
C03949,Customer 03949,Netherlands,Wholesale
C03950,Customer 03950,Germany,Wholesale
C03951,Customer 03951,France,Retail
C03952,Customer 03952,Germany,Retail
C03953,Customer 03953,Italy,Retail
C03954,Customer 03954,France,Retail
C03955,Customer 03955,Spain,Wholesale
C03956,Customer 03956,Netherlands,Wholesale
C03957,Customer 03957,Spain,Retail
C03958,Customer 03958,Italy,Wholesale
C03959,Customer 03959,Brazil,Retail
C03960,Customer 03960,Germany,Wholesale
C03961,Customer 03961,Netherlands,Retail
C03962,Customer 03962,Netherlands,Wholesale
C03963,Customer 03963,Spain,Wholesale
C03964,Customer 03964,France,Retail
C03965,Customer 03965,Germany,Wholesale
C03966,Customer 03966,Netherlands,Industrial
C03967,Customer 03967,Italy,Retail
C03968,Customer 03968,Germany,Wholesale
C03969,Customer 03969,Spain,Industrial
C03970,Customer 03970,Spain,Industrial
C03971,Customer 03971,France,Retail
C03972,Customer 03972,Netherlands,Wholesale
C03973,Customer 03973,Brazil,Industrial
C03974,Customer 03974,Germany,Wholesale
C03975,Customer 03975,Brazil,Retail
C03976,Customer 03976,Italy,Retail
C03977,Customer 03977,Spain,Wholesale
C03978,Customer 03978,Netherlands,Retail
C03979,Customer 03979,Spain,Retail
C03980,Customer 03980,Brazil,Retail
C03981,Customer 03981,France,Wholesale
C03982,Customer 03982,Brazil,Retail
C03983,Customer 03983,Italy,Industrial
C03984,Customer 03984,Italy,Wholesale
C03985,Customer 03985,Netherlands,Industrial
C03986,Customer 03986,France,Industrial
C03987,Customer 03987,Germany,Retail
C03988,Customer 03988,Brazil,Wholesale
C03989,Customer 03989,France,Retail
C03990,Customer 03990,France,Industrial
C03991,Customer 03991,Italy,Retail
C03992,Customer 03992,Italy,Wholesale
C03993,Customer 03993,Brazil,Wholesale
C03994,Customer 03994,Germany,Retail
C03995,Customer 03995,Spain,Wholesale
C03996,Customer 03996,France,Retail
C03997,Customer 03997,Brazil,Retail
C03998,Customer 03998,Netherlands,Retail
C03999,Customer 03999,Italy,Retail
C04000,Customer 04000,Spain,Wholesale
C04001,Customer 04001,Germany,Industrial
C04002,Customer 04002,Netherlands,Retail
C04003,Customer 04003,Brazil,Wholesale
C04004,Customer 04004,France,Industrial
C04005,Customer 04005,Italy,Wholesale
C04006,Customer 04006,Netherlands,Retail
C04007,Customer 04007,Germany,Industrial
C04008,Customer 04008,Spain,Retail
C04009,Customer 04009,Germany,Wholesale
C04010,Customer 04010,Brazil,Wholesale
C04011,Customer 04011,France,Wholesale
C04012,Customer 04012,Netherlands,Retail
C04013,Customer 04013,Italy,Retail
C04014,Customer 04014,France,Wholesale
C04015,Customer 04015,Germany,Retail
C04016,Customer 04016,Brazil,Retail
C04017,Customer 04017,Germany,Wholesale
C04018,Customer 04018,Brazil,Wholesale
C04019,Customer 04019,Germany,Retail
C04020,Customer 04020,Italy,Retail
C04021,Customer 04021,Brazil,Industrial
C04022,Customer 04022,Brazil,Retail
C04023,Customer 04023,Spain,Retail
C04024,Customer 04024,Germany,Retail
C04025,Customer 04025,France,Retail
C04026,Customer 04026,Brazil,Industrial
C04027,Customer 04027,Germany,Retail
C04028,Customer 04028,France,Retail
C04029,Customer 04029,Italy,Retail
C04030,Customer 04030,France,Retail
C04031,Customer 04031,Spain,Retail
C04032,Customer 04032,Spain,Industrial
C04033,Customer 04033,Germany,Wholesale
C04034,Customer 04034,Germany,Retail
C04035,Customer 04035,France,Retail
C04036,Customer 04036,Brazil,Retail
C04037,Customer 04037,Italy,Retail
C04038,Customer 04038,Spain,Wholesale
C04039,Customer 04039,Germany,Retail
C04040,Customer 04040,France,Wholesale
C04041,Customer 04041,Germany,Industrial
C04042,Customer 04042,Spain,Retail
C04043,Customer 04043,Italy,Industrial
C04044,Customer 04044,Brazil,Retail
C04045,Customer 04045,France,Retail
C04046,Customer 04046,Brazil,Wholesale
C04047,Customer 04047,France,Retail
C04048,Customer 04048,Germany,Wholesale
C04049,Customer 04049,France,Wholesale
C04050,Customer 04050,France,Retail
C04051,Customer 04051,Germany,Industrial
C04052,Customer 04052,France,Retail
C04053,Customer 04053,Italy,Wholesale
C04054,Customer 04054,Italy,Retail
C04055,Customer 04055,Brazil,Retail
C04056,Customer 04056,France,Retail
C04057,Customer 04057,Netherlands,Industrial
C04058,Customer 04058,Spain,Retail
C04059,Customer 04059,Germany,Industrial
C04060,Customer 04060,Spain,Retail
C04061,Customer 04061,Brazil,Retail
C04062,Customer 04062,Brazil,Retail
C04063,Customer 04063,Spain,Retail
C04064,Customer 04064,Spain,Industrial
C04065,Customer 04065,Italy,Retail
C04066,Customer 04066,France,Wholesale
C04067,Customer 04067,Netherlands,Wholesale
C04068,Customer 04068,France,Retail
C04069,Customer 04069,Italy,Wholesale
C04070,Customer 04070,Brazil,Industrial
C04071,Customer 04071,Brazil,Wholesale
C04072,Customer 04072,Italy,Retail
C04073,Customer 04073,Netherlands,Wholesale
C04074,Customer 04074,Netherlands,Wholesale
C04075,Customer 04075,Germany,Retail
C04076,Customer 04076,Brazil,Wholesale
C04077,Customer 04077,Netherlands,Retail
C04078,Customer 04078,Spain,Wholesale
C04079,Customer 04079,Germany,Industrial
C04080,Customer 04080,Italy,Industrial
C04081,Customer 04081,Netherlands,Wholesale
C04082,Customer 04082,Germany,Wholesale
C04083,Customer 04083,Italy,Wholesale
C04084,Customer 04084,Italy,Retail
C04085,Customer 04085,Spain,Retail
C04086,Customer 04086,Spain,Retail
C04087,Customer 04087,Germany,Retail
C04088,Customer 04088,Netherlands,Industrial
C04089,Customer 04089,Netherlands,Industrial
C04090,Customer 04090,Netherlands,Retail
C04091,Customer 04091,Italy,Retail
C04092,Customer 04092,Brazil,Wholesale
C04093,Customer 04093,France,Retail
C04094,Customer 04094,France,Wholesale
C04095,Customer 04095,Netherlands,Industrial
C04096,Customer 04096,Spain,Retail
C04097,Customer 04097,Spain,Retail
C04098,Customer 04098,Brazil,Retail
C04099,Customer 04099,Italy,Retail
C04100,Customer 04100,France,Retail
C04101,Customer 04101,Brazil,Retail
C04102,Customer 04102,Netherlands,Retail
C04103,Customer 04103,Germany,Retail
C04104,Customer 04104,Brazil,Retail
C04105,Customer 04105,Brazil,Wholesale
C04106,Customer 04106,France,Retail
C04107,Customer 04107,Brazil,Industrial
C04108,Customer 04108,Netherlands,Retail
C04109,Customer 04109,Spain,Retail
C04110,Customer 04110,Germany,Retail
C04111,Customer 04111,Brazil,Wholesale
C04112,Customer 04112,France,Retail
C04113,Customer 04113,Brazil,Retail
C04114,Customer 04114,Netherlands,Retail
C04115,Customer 04115,Germany,Industrial
C04116,Customer 04116,France,Retail
C04117,Customer 04117,Brazil,Retail
C04118,Customer 04118,Brazil,Industrial
C04119,Customer 04119,Germany,Retail
C04120,Customer 04120,Brazil,Retail
C04121,Customer 04121,Italy,Wholesale
C04122,Customer 04122,Netherlands,Retail
C04123,Customer 04123,Netherlands,Retail
C04124,Customer 04124,Germany,Retail
C04125,Customer 04125,Italy,Retail
C04126,Customer 04126,Spain,Industrial
C04127,Customer 04127,Brazil,Wholesale
C04128,Customer 04128,Brazil,Wholesale
C04129,Customer 04129,Spain,Retail
C04130,Customer 04130,France,Wholesale
C04131,Customer 04131,Brazil,Wholesale
C04132,Customer 04132,Netherlands,Retail
C04133,Customer 04133,Italy,Industrial
C04134,Customer 04134,Spain,Wholesale
C04135,Customer 04135,Netherlands,Wholesale
C04136,Customer 04136,Netherlands,Retail
C04137,Customer 04137,Netherlands,Retail
C04138,Customer 04138,Germany,Wholesale
C04139,Customer 04139,Netherlands,Wholesale
C04140,Customer 04140,Spain,Retail
C04141,Customer 04141,Italy,Retail
C04142,Customer 04142,Netherlands,Wholesale
C04143,Customer 04143,Brazil,Retail
C04144,Customer 04144,France,Retail
C04145,Customer 04145,Brazil,Wholesale
C04146,Customer 04146,Germany,Retail
C04147,Customer 04147,France,Retail
C04148,Customer 04148,Netherlands,Retail
C04149,Customer 04149,Netherlands,Industrial
C04150,Customer 04150,France,Retail
C04151,Customer 04151,Germany,Wholesale
C04152,Customer 04152,Spain,Industrial
C04153,Customer 04153,Netherlands,Wholesale
C04154,Customer 04154,Netherlands,Retail
C04155,Customer 04155,Germany,Retail
C04156,Customer 04156,Germany,Retail
C04157,Customer 04157,Italy,Wholesale
C04158,Customer 04158,Germany,Industrial
C04159,Customer 04159,Germany,Wholesale
C04160,Customer 04160,Brazil,Retail
C04161,Customer 04161,France,Retail
C04162,Customer 04162,France,Industrial
C04163,Customer 04163,Spain,Retail
C04164,Customer 04164,Germany,Wholesale
C04165,Customer 04165,Italy,Retail
C04166,Customer 04166,Italy,Wholesale
C04167,Customer 04167,France,Wholesale
C04168,Customer 04168,Germany,Retail
C04169,Customer 04169,Spain,Retail
C04170,Customer 04170,Italy,Wholesale
C04171,Customer 04171,France,Retail
C04172,Customer 04172,Germany,Retail
C04173,Customer 04173,Spain,Retail
C04174,Customer 04174,France,Retail
C04175,Customer 04175,France,Wholesale
C04176,Customer 04176,France,Retail
C04177,Customer 04177,Germany,Retail
C04178,Customer 04178,Italy,Industrial
C04179,Customer 04179,France,Retail
C04180,Customer 04180,France,Retail
C04181,Customer 04181,Spain,Wholesale
C04182,Customer 04182,France,Industrial
C04183,Customer 04183,Brazil,Wholesale
C04184,Customer 04184,Netherlands,Wholesale
C04185,Customer 04185,Brazil,Retail
C04186,Customer 04186,Spain,Retail
C04187,Customer 04187,Germany,Industrial
C04188,Customer 04188,Germany,Industrial
C04189,Customer 04189,Brazil,Wholesale
C04190,Customer 04190,Netherlands,Retail
C04191,Customer 04191,France,Retail
C04192,Customer 04192,France,Retail
C04193,Customer 04193,Italy,Industrial
C04194,Customer 04194,Brazil,Wholesale
C04195,Customer 04195,Spain,Retail
C04196,Customer 04196,France,Retail
C04197,Customer 04197,Spain,Retail
C04198,Customer 04198,Brazil,Retail
C04199,Customer 04199,Netherlands,Wholesale
C04200,Customer 04200,Germany,Wholesale
C04201,Customer 04201,Italy,Retail
C04202,Customer 04202,Italy,Wholesale
C04203,Customer 04203,France,Industrial
C04204,Customer 04204,Brazil,Retail
C04205,Customer 04205,Germany,Retail
C04206,Customer 04206,Italy,Retail
C04207,Customer 04207,Netherlands,Retail
C04208,Customer 04208,Netherlands,Retail
C04209,Customer 04209,Germany,Wholesale
C04210,Customer 04210,Spain,Retail
C04211,Customer 04211,Brazil,Retail
C04212,Customer 04212,Italy,Industrial
C04213,Customer 04213,France,Retail
C04214,Customer 04214,Italy,Wholesale
C04215,Customer 04215,Italy,Wholesale
C04216,Customer 04216,Netherlands,Wholesale
C04217,Customer 04217,France,Wholesale
C04218,Customer 04218,France,Wholesale
C04219,Customer 04219,Spain,Wholesale
C04220,Customer 04220,Brazil,Retail
C04221,Customer 04221,Brazil,Retail
C04222,Customer 04222,Spain,Retail
C04223,Customer 04223,Italy,Retail
C04224,Customer 04224,Spain,Retail
C04225,Customer 04225,Italy,Retail
C04226,Customer 04226,Germany,Retail
C04227,Customer 04227,France,Retail
C04228,Customer 04228,Spain,Retail
C04229,Customer 04229,France,Wholesale
C04230,Customer 04230,Brazil,Wholesale
C04231,Customer 04231,Brazil,Wholesale
C04232,Customer 04232,Netherlands,Retail
C04233,Customer 04233,Spain,Industrial
C04234,Customer 04234,Germany,Wholesale
C04235,Customer 04235,Germany,Retail
C04236,Customer 04236,Brazil,Industrial
C04237,Customer 04237,Netherlands,Retail
C04238,Customer 04238,Brazil,Wholesale
C04239,Customer 04239,Italy,Wholesale
C04240,Customer 04240,Germany,Retail
C04241,Customer 04241,France,Wholesale
C04242,Customer 04242,Germany,Retail
C04243,Customer 04243,Italy,Retail
C04244,Customer 04244,Brazil,Retail
C04245,Customer 04245,France,Retail
C04246,Customer 04246,Germany,Retail
C04247,Customer 04247,Germany,Wholesale
C04248,Customer 04248,Germany,Retail
C04249,Customer 04249,Netherlands,Retail
C04250,Customer 04250,France,Wholesale
C04251,Customer 04251,France,Retail
C04252,Customer 04252,France,Retail
C04253,Customer 04253,Netherlands,Wholesale
C04254,Customer 04254,France,Industrial
C04255,Customer 04255,France,Retail
C04256,Customer 04256,Germany,Retail
C04257,Customer 04257,Germany,Wholesale
C04258,Customer 04258,Brazil,Industrial
C04259,Customer 04259,Spain,Retail
C04260,Customer 04260,Brazil,Retail
C04261,Customer 04261,Germany,Retail
C04262,Customer 04262,Germany,Wholesale
C04263,Customer 04263,Germany,Industrial
C04264,Customer 04264,Italy,Wholesale
C04265,Customer 04265,Spain,Retail
C04266,Customer 04266,Netherlands,Wholesale
C04267,Customer 04267,France,Wholesale
C04268,Customer 04268,Netherlands,Retail
C04269,Customer 04269,Brazil,Wholesale
C04270,Customer 04270,Spain,Retail
C04271,Customer 04271,Italy,Retail
C04272,Customer 04272,Spain,Wholesale
C04273,Customer 04273,Netherlands,Retail
C04274,Customer 04274,Germany,Industrial
C04275,Customer 04275,Brazil,Retail
C04276,Customer 04276,Italy,Retail
C04277,Customer 04277,Brazil,Retail
C04278,Customer 04278,Italy,Retail
C04279,Customer 04279,Italy,Retail
C04280,Customer 04280,Netherlands,Wholesale
C04281,Customer 04281,France,Retail
C04282,Customer 04282,Netherlands,Retail
C04283,Customer 04283,Germany,Wholesale
C04284,Customer 04284,France,Retail
C04285,Customer 04285,Brazil,Wholesale
C04286,Customer 04286,Italy,Retail
C04287,Customer 04287,Italy,Retail
C04288,Customer 04288,Italy,Wholesale
C04289,Customer 04289,Italy,Wholesale
C04290,Customer 04290,Germany,Wholesale
C04291,Customer 04291,Brazil,Retail
C04292,Customer 04292,Netherlands,Retail
C04293,Customer 04293,France,Wholesale
C04294,Customer 04294,Brazil,Wholesale
C04295,Customer 04295,Netherlands,Wholesale
C04296,Customer 04296,Netherlands,Wholesale
C04297,Customer 04297,France,Wholesale
C04298,Customer 04298,Italy,Retail
C04299,Customer 04299,Brazil,Wholesale
C04300,Customer 04300,Brazil,Retail
C04301,Customer 04301,Germany,Retail
C04302,Customer 04302,Spain,Wholesale
C04303,Customer 04303,Brazil,Retail
C04304,Customer 04304,Brazil,Retail
C04305,Customer 04305,Italy,Industrial
C04306,Customer 04306,Italy,Wholesale
C04307,Customer 04307,Italy,Retail
C04308,Customer 04308,Italy,Industrial
C04309,Customer 04309,Italy,Retail
C04310,Customer 04310,Spain,Wholesale
C04311,Customer 04311,Spain,Retail
C04312,Customer 04312,Netherlands,Retail
C04313,Customer 04313,France,Retail
C04314,Customer 04314,Brazil,Retail
C04315,Customer 04315,Italy,Retail
C04316,Customer 04316,Germany,Retail
C04317,Customer 04317,Netherlands,Wholesale
C04318,Customer 04318,France,Retail
C04319,Customer 04319,Netherlands,Retail
C04320,Customer 04320,Brazil,Industrial
C04321,Customer 04321,Spain,Wholesale
C04322,Customer 04322,France,Industrial
C04323,Customer 04323,France,Retail
C04324,Customer 04324,Germany,Retail
C04325,Customer 04325,Netherlands,Wholesale
C04326,Customer 04326,France,Wholesale
C04327,Customer 04327,Netherlands,Retail
C04328,Customer 04328,France,Industrial
C04329,Customer 04329,Brazil,Wholesale
C04330,Customer 04330,Netherlands,Wholesale
C04331,Customer 04331,Germany,Retail
C04332,Customer 04332,Germany,Wholesale
C04333,Customer 04333,Netherlands,Retail
C04334,Customer 04334,Netherlands,Industrial
C04335,Customer 04335,Netherlands,Retail
C04336,Customer 04336,France,Retail
C04337,Customer 04337,Italy,Retail
C04338,Customer 04338,Germany,Wholesale
C04339,Customer 04339,Italy,Industrial
C04340,Customer 04340,Spain,Industrial
C04341,Customer 04341,Brazil,Wholesale
C04342,Customer 04342,France,Industrial
C04343,Customer 04343,France,Wholesale
C04344,Customer 04344,Germany,Retail
C04345,Customer 04345,France,Wholesale
C04346,Customer 04346,Spain,Retail
C04347,Customer 04347,Brazil,Retail
C04348,Customer 04348,Brazil,Retail
C04349,Customer 04349,Italy,Retail
C04350,Customer 04350,France,Industrial
C04351,Customer 04351,Spain,Industrial
C04352,Customer 04352,Spain,Retail
C04353,Customer 04353,Spain,Wholesale
C04354,Customer 04354,France,Retail
C04355,Customer 04355,France,Retail
C04356,Customer 04356,Italy,Retail
C04357,Customer 04357,Netherlands,Retail
C04358,Customer 04358,Germany,Retail
C04359,Customer 04359,Italy,Retail
C04360,Customer 04360,Netherlands,Retail
C04361,Customer 04361,Brazil,Retail
C04362,Customer 04362,Italy,Industrial
C04363,Customer 04363,France,Retail
C04364,Customer 04364,Netherlands,Retail
C04365,Customer 04365,Spain,Retail
C04366,Customer 04366,Netherlands,Retail
C04367,Customer 04367,Brazil,Retail
C04368,Customer 04368,Brazil,Retail
C04369,Customer 04369,Netherlands,Wholesale
C04370,Customer 04370,Spain,Wholesale
C04371,Customer 04371,Spain,Wholesale
C04372,Customer 04372,Germany,Wholesale
C04373,Customer 04373,Germany,Retail
C04374,Customer 04374,Italy,Retail
C04375,Customer 04375,Germany,Retail
C04376,Customer 04376,Spain,Retail
C04377,Customer 04377,Germany,Retail
C04378,Customer 04378,Germany,Retail
C04379,Customer 04379,Brazil,Wholesale
C04380,Customer 04380,Netherlands,Retail
C04381,Customer 04381,Netherlands,Retail
C04382,Customer 04382,Brazil,Wholesale
C04383,Customer 04383,France,Retail
C04384,Customer 04384,Spain,Wholesale
C04385,Customer 04385,France,Industrial
C04386,Customer 04386,Italy,Industrial
C04387,Customer 04387,Germany,Retail
C04388,Customer 04388,Brazil,Retail
C04389,Customer 04389,France,Wholesale
C04390,Customer 04390,Spain,Wholesale
C04391,Customer 04391,Germany,Wholesale
C04392,Customer 04392,Italy,Retail
C04393,Customer 04393,Brazil,Retail
C04394,Customer 04394,Brazil,Retail
C04395,Customer 04395,Spain,Retail
C04396,Customer 04396,Spain,Retail
C04397,Customer 04397,Germany,Industrial
C04398,Customer 04398,Germany,Retail
C04399,Customer 04399,Brazil,Wholesale
C04400,Customer 04400,Spain,Industrial
C04401,Customer 04401,France,Retail
C04402,Customer 04402,Brazil,Retail
C04403,Customer 04403,France,Wholesale
C04404,Customer 04404,Netherlands,Retail
C04405,Customer 04405,Germany,Retail
C04406,Customer 04406,Netherlands,Wholesale
C04407,Customer 04407,Germany,Wholesale
C04408,Customer 04408,Germany,Wholesale
C04409,Customer 04409,Germany,Industrial
C04410,Customer 04410,Germany,Retail
C04411,Customer 04411,Brazil,Wholesale
C04412,Customer 04412,Spain,Wholesale
C04413,Customer 04413,France,Wholesale
C04414,Customer 04414,Italy,Wholesale
C04415,Customer 04415,France,Wholesale
C04416,Customer 04416,France,Industrial
C04417,Customer 04417,France,Retail
C04418,Customer 04418,Brazil,Wholesale
C04419,Customer 04419,Italy,Retail
C04420,Customer 04420,Brazil,Wholesale
C04421,Customer 04421,Italy,Wholesale
C04422,Customer 04422,Netherlands,Wholesale
C04423,Customer 04423,Italy,Retail
C04424,Customer 04424,France,Retail
C04425,Customer 04425,Germany,Retail
C04426,Customer 04426,Netherlands,Retail
C04427,Customer 04427,Germany,Retail
C04428,Customer 04428,France,Industrial
C04429,Customer 04429,Italy,Retail
C04430,Customer 04430,Netherlands,Industrial
C04431,Customer 04431,Netherlands,Retail
C04432,Customer 04432,Brazil,Wholesale
C04433,Customer 04433,Netherlands,Wholesale
C04434,Customer 04434,Brazil,Wholesale
C04435,Customer 04435,Spain,Wholesale
C04436,Customer 04436,Netherlands,Wholesale
C04437,Customer 04437,Spain,Industrial
C04438,Customer 04438,Netherlands,Wholesale
C04439,Customer 04439,France,Retail
C04440,Customer 04440,Germany,Retail
C04441,Customer 04441,Germany,Wholesale
C04442,Customer 04442,France,Retail
C04443,Customer 04443,Italy,Retail
C04444,Customer 04444,France,Wholesale
C04445,Customer 04445,Italy,Retail
C04446,Customer 04446,France,Wholesale
C04447,Customer 04447,Germany,Wholesale
C04448,Customer 04448,Germany,Wholesale
C04449,Customer 04449,Spain,Wholesale
C04450,Customer 04450,Netherlands,Industrial
C04451,Customer 04451,Netherlands,Wholesale
C04452,Customer 04452,Germany,Industrial
C04453,Customer 04453,France,Retail
C04454,Customer 04454,Italy,Wholesale
C04455,Customer 04455,Spain,Wholesale
C04456,Customer 04456,Brazil,Retail
C04457,Customer 04457,Spain,Retail
C04458,Customer 04458,Brazil,Wholesale
C04459,Customer 04459,Brazil,Retail
C04460,Customer 04460,Spain,Industrial
C04461,Customer 04461,Brazil,Retail
C04462,Customer 04462,France,Retail
C04463,Customer 04463,Spain,Wholesale
C04464,Customer 04464,Spain,Retail
C04465,Customer 04465,France,Retail
C04466,Customer 04466,Brazil,Wholesale
C04467,Customer 04467,Italy,Retail
C04468,Customer 04468,Netherlands,Retail
C04469,Customer 04469,Netherlands,Wholesale
C04470,Customer 04470,Italy,Wholesale
C04471,Customer 04471,France,Wholesale
C04472,Customer 04472,Netherlands,Retail
C04473,Customer 04473,France,Retail
C04474,Customer 04474,Brazil,Industrial
C04475,Customer 04475,Netherlands,Wholesale
C04476,Customer 04476,Germany,Retail
C04477,Customer 04477,Netherlands,Wholesale
C04478,Customer 04478,France,Retail
C04479,Customer 04479,Netherlands,Wholesale
C04480,Customer 04480,Spain,Wholesale
C04481,Customer 04481,France,Industrial
C04482,Customer 04482,Germany,Industrial
C04483,Customer 04483,Netherlands,Retail
C04484,Customer 04484,Brazil,Wholesale
C04485,Customer 04485,France,Retail
C04486,Customer 04486,France,Wholesale
C04487,Customer 04487,Spain,Wholesale
C04488,Customer 04488,Germany,Retail
C04489,Customer 04489,Spain,Retail
C04490,Customer 04490,France,Retail
C04491,Customer 04491,Germany,Retail
C04492,Customer 04492,Germany,Retail
C04493,Customer 04493,Italy,Industrial
C04494,Customer 04494,Germany,Retail
C04495,Customer 04495,Germany,Wholesale
C04496,Customer 04496,Spain,Wholesale
C04497,Customer 04497,Germany,Wholesale
C04498,Customer 04498,France,Retail
C04499,Customer 04499,Germany,Industrial
C04500,Customer 04500,France,Wholesale
C04501,Customer 04501,Italy,Wholesale
C04502,Customer 04502,Spain,Industrial
C04503,Customer 04503,Netherlands,Wholesale
C04504,Customer 04504,Italy,Retail
C04505,Customer 04505,Brazil,Industrial
C04506,Customer 04506,France,Retail
C04507,Customer 04507,Germany,Wholesale
C04508,Customer 04508,Spain,Retail
C04509,Customer 04509,Germany,Retail
C04510,Customer 04510,Netherlands,Retail
C04511,Customer 04511,Germany,Retail
C04512,Customer 04512,Spain,Industrial
C04513,Customer 04513,Brazil,Retail
C04514,Customer 04514,Netherlands,Wholesale
C04515,Customer 04515,Netherlands,Retail
C04516,Customer 04516,Italy,Industrial
C04517,Customer 04517,France,Retail
C04518,Customer 04518,Brazil,Retail
C04519,Customer 04519,Italy,Retail
C04520,Customer 04520,France,Wholesale
C04521,Customer 04521,Netherlands,Industrial
C04522,Customer 04522,Italy,Industrial
C04523,Customer 04523,Spain,Retail
C04524,Customer 04524,Netherlands,Retail
C04525,Customer 04525,Italy,Retail
C04526,Customer 04526,France,Retail
C04527,Customer 04527,Brazil,Wholesale
C04528,Customer 04528,Brazil,Retail
C04529,Customer 04529,France,Wholesale
C04530,Customer 04530,Spain,Industrial
C04531,Customer 04531,Brazil,Retail
C04532,Customer 04532,Brazil,Retail
C04533,Customer 04533,Italy,Retail
C04534,Customer 04534,Italy,Retail
C04535,Customer 04535,Brazil,Retail
C04536,Customer 04536,Spain,Wholesale
C04537,Customer 04537,Brazil,Retail
C04538,Customer 04538,Italy,Wholesale
C04539,Customer 04539,Netherlands,Industrial
C04540,Customer 04540,Netherlands,Industrial
C04541,Customer 04541,Spain,Wholesale
C04542,Customer 04542,Spain,Retail
C04543,Customer 04543,Netherlands,Retail
C04544,Customer 04544,Spain,Retail
C04545,Customer 04545,France,Industrial
C04546,Customer 04546,Italy,Industrial
C04547,Customer 04547,Spain,Retail
C04548,Customer 04548,Netherlands,Retail
C04549,Customer 04549,Spain,Retail
C04550,Customer 04550,Netherlands,Retail
C04551,Customer 04551,Brazil,Industrial
C04552,Customer 04552,Brazil,Retail
C04553,Customer 04553,Brazil,Retail
C04554,Customer 04554,Spain,Retail
C04555,Customer 04555,Italy,Retail
C04556,Customer 04556,Germany,Retail
C04557,Customer 04557,Brazil,Industrial
C04558,Customer 04558,Netherlands,Retail
C04559,Customer 04559,Italy,Wholesale
C04560,Customer 04560,Spain,Retail
C04561,Customer 04561,France,Retail
C04562,Customer 04562,France,Retail
C04563,Customer 04563,Brazil,Retail
C04564,Customer 04564,Germany,Retail
C04565,Customer 04565,Netherlands,Retail
C04566,Customer 04566,France,Wholesale
C04567,Customer 04567,Italy,Wholesale
C04568,Customer 04568,Italy,Industrial
C04569,Customer 04569,Germany,Retail
C04570,Customer 04570,Germany,Wholesale
C04571,Customer 04571,Italy,Wholesale
C04572,Customer 04572,Brazil,Retail
C04573,Customer 04573,France,Retail
C04574,Customer 04574,Netherlands,Retail
C04575,Customer 04575,Italy,Wholesale
C04576,Customer 04576,Italy,Retail
C04577,Customer 04577,Brazil,Retail
C04578,Customer 04578,Germany,Industrial
C04579,Customer 04579,Germany,Retail
C04580,Customer 04580,Germany,Industrial
C04581,Customer 04581,Germany,Wholesale
C04582,Customer 04582,Netherlands,Wholesale
C04583,Customer 04583,Brazil,Wholesale
C04584,Customer 04584,Italy,Retail
C04585,Customer 04585,Spain,Wholesale
C04586,Customer 04586,Spain,Wholesale
C04587,Customer 04587,Germany,Wholesale
C04588,Customer 04588,Germany,Retail
C04589,Customer 04589,Spain,Retail
C04590,Customer 04590,Germany,Retail
C04591,Customer 04591,Italy,Retail
C04592,Customer 04592,Brazil,Wholesale
C04593,Customer 04593,Brazil,Wholesale
C04594,Customer 04594,Italy,Wholesale
C04595,Customer 04595,Spain,Wholesale
C04596,Customer 04596,Brazil,Retail
C04597,Customer 04597,Netherlands,Retail
C04598,Customer 04598,Brazil,Retail
C04599,Customer 04599,Netherlands,Retail
C04600,Customer 04600,Italy,Retail
C04601,Customer 04601,Netherlands,Retail
C04602,Customer 04602,Netherlands,Retail
C04603,Customer 04603,Germany,Wholesale
C04604,Customer 04604,Italy,Retail
C04605,Customer 04605,Germany,Retail
C04606,Customer 04606,France,Retail
C04607,Customer 04607,Germany,Wholesale
C04608,Customer 04608,France,Wholesale
C04609,Customer 04609,Netherlands,Retail
C04610,Customer 04610,France,Retail
C04611,Customer 04611,Brazil,Industrial
C04612,Customer 04612,Germany,Wholesale
C04613,Customer 04613,Italy,Wholesale
C04614,Customer 04614,Spain,Retail
C04615,Customer 04615,Spain,Wholesale
C04616,Customer 04616,France,Industrial
C04617,Customer 04617,Germany,Retail
C04618,Customer 04618,Spain,Wholesale
C04619,Customer 04619,Spain,Retail
C04620,Customer 04620,Netherlands,Wholesale
C04621,Customer 04621,Spain,Retail
C04622,Customer 04622,Netherlands,Retail
C04623,Customer 04623,Italy,Industrial
C04624,Customer 04624,Brazil,Industrial
C04625,Customer 04625,France,Retail
C04626,Customer 04626,France,Industrial
C04627,Customer 04627,Brazil,Retail
C04628,Customer 04628,Germany,Retail
C04629,Customer 04629,Italy,Industrial
C04630,Customer 04630,France,Retail
C04631,Customer 04631,Brazil,Retail
C04632,Customer 04632,Germany,Wholesale
C04633,Customer 04633,Germany,Retail
C04634,Customer 04634,Germany,Retail
C04635,Customer 04635,Brazil,Retail
C04636,Customer 04636,Italy,Wholesale
C04637,Customer 04637,Italy,Retail
C04638,Customer 04638,France,Retail
C04639,Customer 04639,Spain,Wholesale
C04640,Customer 04640,Netherlands,Retail
C04641,Customer 04641,Netherlands,Retail
C04642,Customer 04642,Brazil,Wholesale
C04643,Customer 04643,Netherlands,Wholesale
C04644,Customer 04644,Brazil,Retail
C04645,Customer 04645,Brazil,Industrial
C04646,Customer 04646,France,Wholesale
C04647,Customer 04647,Italy,Retail
C04648,Customer 04648,Brazil,Wholesale
C04649,Customer 04649,Germany,Wholesale
C04650,Customer 04650,Germany,Wholesale
C04651,Customer 04651,France,Wholesale
C04652,Customer 04652,Netherlands,Wholesale
C04653,Customer 04653,Germany,Industrial
C04654,Customer 04654,Germany,Wholesale
C04655,Customer 04655,Brazil,Wholesale
C04656,Customer 04656,Germany,Wholesale
C04657,Customer 04657,Brazil,Industrial
C04658,Customer 04658,Spain,Industrial
C04659,Customer 04659,France,Retail
C04660,Customer 04660,France,Retail
C04661,Customer 04661,Italy,Wholesale
C04662,Customer 04662,Spain,Retail
C04663,Customer 04663,Brazil,Wholesale
C04664,Customer 04664,France,Wholesale
C04665,Customer 04665,Germany,Industrial
C04666,Customer 04666,Italy,Retail
C04667,Customer 04667,Germany,Wholesale
C04668,Customer 04668,Brazil,Retail
C04669,Customer 04669,Italy,Retail
C04670,Customer 04670,France,Retail
C04671,Customer 04671,Brazil,Retail
C04672,Customer 04672,Italy,Retail
C04673,Customer 04673,Germany,Wholesale
C04674,Customer 04674,Netherlands,Wholesale
C04675,Customer 04675,Italy,Retail
C04676,Customer 04676,France,Retail
C04677,Customer 04677,Spain,Retail
C04678,Customer 04678,Spain,Industrial
C04679,Customer 04679,Spain,Industrial
C04680,Customer 04680,Brazil,Retail
C04681,Customer 04681,Germany,Retail
C04682,Customer 04682,Germany,Retail
C04683,Customer 04683,Italy,Wholesale
C04684,Customer 04684,Brazil,Retail
C04685,Customer 04685,Spain,Retail
C04686,Customer 04686,Italy,Retail
C04687,Customer 04687,Netherlands,Retail
C04688,Customer 04688,Germany,Retail
C04689,Customer 04689,Brazil,Retail
C04690,Customer 04690,Italy,Wholesale
C04691,Customer 04691,Brazil,Retail
C04692,Customer 04692,Brazil,Retail
C04693,Customer 04693,Netherlands,Wholesale
C04694,Customer 04694,Netherlands,Retail
C04695,Customer 04695,Italy,Wholesale
C04696,Customer 04696,Netherlands,Industrial
C04697,Customer 04697,Brazil,Retail
C04698,Customer 04698,Brazil,Industrial
C04699,Customer 04699,Germany,Wholesale
C04700,Customer 04700,Brazil,Wholesale
C04701,Customer 04701,Netherlands,Retail
C04702,Customer 04702,Brazil,Retail
C04703,Customer 04703,Spain,Retail
C04704,Customer 04704,Netherlands,Industrial
C04705,Customer 04705,Italy,Wholesale
C04706,Customer 04706,Germany,Retail
C04707,Customer 04707,France,Retail
C04708,Customer 04708,Spain,Retail
C04709,Customer 04709,Italy,Retail
C04710,Customer 04710,France,Wholesale
C04711,Customer 04711,Germany,Retail
C04712,Customer 04712,Italy,Wholesale
C04713,Customer 04713,Netherlands,Wholesale
C04714,Customer 04714,France,Wholesale
C04715,Customer 04715,Brazil,Wholesale
C04716,Customer 04716,Spain,Retail
C04717,Customer 04717,Netherlands,Wholesale
C04718,Customer 04718,Netherlands,Wholesale
C04719,Customer 04719,France,Retail
C04720,Customer 04720,Brazil,Retail
C04721,Customer 04721,Spain,Retail
C04722,Customer 04722,Italy,Retail
C04723,Customer 04723,Netherlands,Retail
C04724,Customer 04724,Brazil,Retail
C04725,Customer 04725,Germany,Wholesale
C04726,Customer 04726,France,Retail
C04727,Customer 04727,Brazil,Retail
C04728,Customer 04728,Netherlands,Retail
C04729,Customer 04729,Brazil,Retail
C04730,Customer 04730,Spain,Industrial
C04731,Customer 04731,Netherlands,Retail
C04732,Customer 04732,Italy,Retail
C04733,Customer 04733,Italy,Retail
C04734,Customer 04734,Germany,Retail
C04735,Customer 04735,Italy,Wholesale
C04736,Customer 04736,France,Wholesale
C04737,Customer 04737,Brazil,Retail
C04738,Customer 04738,France,Wholesale
C04739,Customer 04739,France,Retail
C04740,Customer 04740,Spain,Wholesale
C04741,Customer 04741,Germany,Wholesale
C04742,Customer 04742,France,Retail
C04743,Customer 04743,France,Wholesale
C04744,Customer 04744,Germany,Wholesale
C04745,Customer 04745,Italy,Retail
C04746,Customer 04746,Germany,Industrial
C04747,Customer 04747,Italy,Industrial
C04748,Customer 04748,Germany,Retail
C04749,Customer 04749,Netherlands,Wholesale
C04750,Customer 04750,France,Wholesale
C04751,Customer 04751,Brazil,Retail
C04752,Customer 04752,Brazil,Retail
C04753,Customer 04753,Italy,Industrial
C04754,Customer 04754,Netherlands,Wholesale
C04755,Customer 04755,Germany,Retail
C04756,Customer 04756,Spain,Retail
C04757,Customer 04757,Spain,Retail
C04758,Customer 04758,Brazil,Industrial
C04759,Customer 04759,France,Wholesale
C04760,Customer 04760,Italy,Retail
C04761,Customer 04761,Netherlands,Industrial
C04762,Customer 04762,Netherlands,Wholesale
C04763,Customer 04763,Brazil,Retail
C04764,Customer 04764,Germany,Retail
C04765,Customer 04765,France,Wholesale
C04766,Customer 04766,Brazil,Retail
C04767,Customer 04767,Spain,Retail
C04768,Customer 04768,Brazil,Wholesale
C04769,Customer 04769,Brazil,Industrial
C04770,Customer 04770,Brazil,Retail
C04771,Customer 04771,Germany,Industrial
C04772,Customer 04772,Italy,Industrial
C04773,Customer 04773,Germany,Retail
C04774,Customer 04774,Netherlands,Retail
C04775,Customer 04775,Germany,Wholesale
C04776,Customer 04776,Brazil,Wholesale
C04777,Customer 04777,France,Retail
C04778,Customer 04778,Italy,Wholesale
C04779,Customer 04779,Brazil,Wholesale
C04780,Customer 04780,Brazil,Wholesale
C04781,Customer 04781,Netherlands,Wholesale
C04782,Customer 04782,Spain,Retail
C04783,Customer 04783,France,Retail
C04784,Customer 04784,Italy,Retail
C04785,Customer 04785,Netherlands,Industrial
C04786,Customer 04786,France,Industrial
C04787,Customer 04787,Spain,Wholesale
C04788,Customer 04788,Brazil,Retail
C04789,Customer 04789,Germany,Wholesale
C04790,Customer 04790,Spain,Retail
C04791,Customer 04791,Germany,Retail
C04792,Customer 04792,Netherlands,Retail
C04793,Customer 04793,Netherlands,Wholesale
C04794,Customer 04794,Germany,Retail
C04795,Customer 04795,France,Wholesale
C04796,Customer 04796,Germany,Industrial
C04797,Customer 04797,Spain,Wholesale
C04798,Customer 04798,Brazil,Retail
C04799,Customer 04799,France,Industrial
C04800,Customer 04800,Spain,Wholesale
C04801,Customer 04801,Spain,Retail
C04802,Customer 04802,Spain,Wholesale
C04803,Customer 04803,Germany,Industrial
C04804,Customer 04804,Italy,Retail
C04805,Customer 04805,Italy,Retail
C04806,Customer 04806,Italy,Retail
C04807,Customer 04807,France,Retail
C04808,Customer 04808,Netherlands,Wholesale
C04809,Customer 04809,France,Retail
C04810,Customer 04810,Italy,Retail
C04811,Customer 04811,Germany,Retail
C04812,Customer 04812,Germany,Retail
C04813,Customer 04813,Spain,Retail
C04814,Customer 04814,Spain,Wholesale
C04815,Customer 04815,Italy,Retail
C04816,Customer 04816,Germany,Retail
C04817,Customer 04817,Netherlands,Industrial
C04818,Customer 04818,Germany,Industrial
C04819,Customer 04819,Spain,Retail
C04820,Customer 04820,Netherlands,Retail
C04821,Customer 04821,Spain,Retail
C04822,Customer 04822,Italy,Retail
C04823,Customer 04823,Netherlands,Retail
C04824,Customer 04824,Netherlands,Industrial
C04825,Customer 04825,France,Wholesale
C04826,Customer 04826,France,Retail
C04827,Customer 04827,Germany,Industrial
C04828,Customer 04828,Spain,Retail
C04829,Customer 04829,Netherlands,Retail
C04830,Customer 04830,France,Retail
C04831,Customer 04831,France,Retail
C04832,Customer 04832,Brazil,Industrial
C04833,Customer 04833,France,Retail
C04834,Customer 04834,Germany,Wholesale
C04835,Customer 04835,Netherlands,Retail
C04836,Customer 04836,Spain,Industrial
C04837,Customer 04837,Brazil,Wholesale
C04838,Customer 04838,Brazil,Retail
C04839,Customer 04839,Netherlands,Retail
C04840,Customer 04840,Netherlands,Industrial
C04841,Customer 04841,Italy,Retail
C04842,Customer 04842,Brazil,Retail
C04843,Customer 04843,Brazil,Industrial
C04844,Customer 04844,Germany,Retail
C04845,Customer 04845,Italy,Retail
C04846,Customer 04846,Italy,Retail
C04847,Customer 04847,Netherlands,Retail
C04848,Customer 04848,Brazil,Retail
C04849,Customer 04849,Brazil,Retail
C04850,Customer 04850,Netherlands,Retail
C04851,Customer 04851,Netherlands,Retail
C04852,Customer 04852,Italy,Retail
C04853,Customer 04853,Brazil,Industrial
C04854,Customer 04854,Brazil,Wholesale
C04855,Customer 04855,Brazil,Retail
C04856,Customer 04856,Italy,Retail
C04857,Customer 04857,Netherlands,Wholesale
C04858,Customer 04858,Spain,Retail
C04859,Customer 04859,Germany,Retail
C04860,Customer 04860,Italy,Wholesale
C04861,Customer 04861,Brazil,Retail
C04862,Customer 04862,Italy,Wholesale
C04863,Customer 04863,Netherlands,Industrial
C04864,Customer 04864,Italy,Wholesale
C04865,Customer 04865,Netherlands,Retail
C04866,Customer 04866,Spain,Retail
C04867,Customer 04867,France,Retail
C04868,Customer 04868,Germany,Wholesale
C04869,Customer 04869,Netherlands,Industrial
C04870,Customer 04870,Italy,Industrial
C04871,Customer 04871,Germany,Retail
C04872,Customer 04872,Netherlands,Wholesale
C04873,Customer 04873,Brazil,Retail
C04874,Customer 04874,Spain,Wholesale
C04875,Customer 04875,Germany,Retail
C04876,Customer 04876,Spain,Retail
C04877,Customer 04877,France,Retail
C04878,Customer 04878,France,Industrial
C04879,Customer 04879,Italy,Retail
C04880,Customer 04880,Italy,Retail
C04881,Customer 04881,France,Retail
C04882,Customer 04882,Netherlands,Retail
C04883,Customer 04883,France,Industrial
C04884,Customer 04884,Brazil,Retail
C04885,Customer 04885,Brazil,Retail
C04886,Customer 04886,Germany,Wholesale
C04887,Customer 04887,Italy,Retail
C04888,Customer 04888,Spain,Retail
C04889,Customer 04889,France,Retail
C04890,Customer 04890,France,Retail
C04891,Customer 04891,Netherlands,Retail
C04892,Customer 04892,Spain,Retail
C04893,Customer 04893,Brazil,Retail
C04894,Customer 04894,Brazil,Wholesale
C04895,Customer 04895,France,Industrial
C04896,Customer 04896,France,Industrial
C04897,Customer 04897,Netherlands,Retail
C04898,Customer 04898,Spain,Retail
C04899,Customer 04899,Italy,Industrial
C04900,Customer 04900,Spain,Wholesale
C04901,Customer 04901,France,Retail
C04902,Customer 04902,Spain,Retail
C04903,Customer 04903,Spain,Retail
C04904,Customer 04904,Italy,Retail
C04905,Customer 04905,Germany,Retail
C04906,Customer 04906,Spain,Retail
C04907,Customer 04907,Germany,Industrial
C04908,Customer 04908,Italy,Wholesale
C04909,Customer 04909,Italy,Wholesale
C04910,Customer 04910,Spain,Retail
C04911,Customer 04911,Netherlands,Wholesale
C04912,Customer 04912,Spain,Wholesale
C04913,Customer 04913,Brazil,Retail
C04914,Customer 04914,Spain,Wholesale
C04915,Customer 04915,Italy,Wholesale
C04916,Customer 04916,Brazil,Wholesale
C04917,Customer 04917,Brazil,Retail
C04918,Customer 04918,Germany,Industrial
C04919,Customer 04919,Netherlands,Retail
C04920,Customer 04920,Spain,Retail
C04921,Customer 04921,Netherlands,Retail
C04922,Customer 04922,Netherlands,Retail
C04923,Customer 04923,Spain,Retail
C04924,Customer 04924,Italy,Retail
C04925,Customer 04925,Germany,Wholesale
C04926,Customer 04926,Brazil,Retail
C04927,Customer 04927,France,Industrial
C04928,Customer 04928,Spain,Retail
C04929,Customer 04929,Germany,Wholesale
C04930,Customer 04930,Germany,Industrial
C04931,Customer 04931,Brazil,Wholesale
C04932,Customer 04932,Italy,Wholesale
C04933,Customer 04933,Netherlands,Wholesale
C04934,Customer 04934,Italy,Retail
C04935,Customer 04935,France,Retail
C04936,Customer 04936,Spain,Retail
C04937,Customer 04937,Netherlands,Retail
C04938,Customer 04938,Spain,Retail
C04939,Customer 04939,Germany,Retail
C04940,Customer 04940,France,Industrial
C04941,Customer 04941,Italy,Industrial
C04942,Customer 04942,France,Wholesale
C04943,Customer 04943,Netherlands,Wholesale
C04944,Customer 04944,Netherlands,Retail
C04945,Customer 04945,Brazil,Retail
C04946,Customer 04946,Italy,Wholesale
C04947,Customer 04947,France,Wholesale
C04948,Customer 04948,Spain,Retail
C04949,Customer 04949,Germany,Retail
C04950,Customer 04950,France,Retail
C04951,Customer 04951,Germany,Retail
C04952,Customer 04952,Brazil,Retail
C04953,Customer 04953,Italy,Retail
C04954,Customer 04954,Brazil,Wholesale
C04955,Customer 04955,France,Industrial
C04956,Customer 04956,Germany,Retail
C04957,Customer 04957,Brazil,Wholesale
C04958,Customer 04958,France,Wholesale
C04959,Customer 04959,Netherlands,Retail
C04960,Customer 04960,Netherlands,Wholesale
C04961,Customer 04961,France,Retail
C04962,Customer 04962,Spain,Wholesale
C04963,Customer 04963,Netherlands,Retail
C04964,Customer 04964,Germany,Industrial
C04965,Customer 04965,Netherlands,Industrial
C04966,Customer 04966,Brazil,Retail
C04967,Customer 04967,Germany,Retail
C04968,Customer 04968,France,Retail
C04969,Customer 04969,Brazil,Wholesale
C04970,Customer 04970,Italy,Wholesale
C04971,Customer 04971,Netherlands,Retail
C04972,Customer 04972,France,Wholesale
C04973,Customer 04973,Netherlands,Retail
C04974,Customer 04974,Italy,Retail
C04975,Customer 04975,Italy,Retail
C04976,Customer 04976,Italy,Retail
C04977,Customer 04977,Spain,Retail
C04978,Customer 04978,Brazil,Retail
C04979,Customer 04979,Netherlands,Retail
C04980,Customer 04980,Spain,Industrial
C04981,Customer 04981,Netherlands,Retail
C04982,Customer 04982,Netherlands,Industrial
C04983,Customer 04983,Germany,Wholesale
C04984,Customer 04984,France,Wholesale
C04985,Customer 04985,Germany,Retail
C04986,Customer 04986,Brazil,Wholesale
C04987,Customer 04987,Netherlands,Retail
C04988,Customer 04988,Netherlands,Retail
C04989,Customer 04989,Netherlands,Retail
C04990,Customer 04990,Netherlands,Retail
C04991,Customer 04991,Spain,Industrial
C04992,Customer 04992,Spain,Industrial
C04993,Customer 04993,Netherlands,Wholesale
C04994,Customer 04994,Spain,Retail
C04995,Customer 04995,Spain,Industrial
C04996,Customer 04996,Germany,Wholesale
C04997,Customer 04997,Italy,Retail
C04998,Customer 04998,Italy,Retail
C04999,Customer 04999,Italy,Wholesale
C05000,Customer 05000,France,Retail
